,data,scontrini,lordototale,ristorante,città,day,festività
0,2019-09-01,1128.0,43535.8994,R000,Montebello,Sunday,
1,2019-09-02,600.0,22753.822,R000,Montebello,Monday,
2,2019-09-03,681.0,23561.0718,R000,Montebello,Tuesday,
3,2019-09-04,732.0,26180.0287,R000,Montebello,Wednesday,
4,2019-09-05,773.0,27926.4818,R000,Montebello,Thursday,
5,2019-09-06,1047.0,36713.387200000005,R000,Montebello,Friday,
6,2019-09-07,1273.0,46133.9172,R000,Montebello,Saturday,
7,2019-09-08,1092.0,45034.8416,R000,Montebello,Sunday,
8,2019-09-09,716.0,26511.0482,R000,Montebello,Monday,
9,2019-09-10,687.0,26635.196,R000,Montebello,Tuesday,
10,2019-09-11,670.0,23862.0249,R000,Montebello,Wednesday,
11,2019-09-12,608.0,22867.1905,R000,Montebello,Thursday,
12,2019-09-13,878.0,31954.223,R000,Montebello,Friday,
13,2019-09-14,1230.0,48886.6861,R000,Montebello,Saturday,
14,2019-09-15,1104.0,42850.1129,R000,Montebello,Sunday,
15,2019-09-16,492.0,17751.2356,R000,Montebello,Monday,
16,2019-09-17,580.0,19030.1727,R000,Montebello,Tuesday,
17,2019-09-18,610.0,21301.6727,R000,Montebello,Wednesday,
18,2019-09-19,728.0,23893.7433,R000,Montebello,Thursday,
19,2019-09-20,864.0,31695.0242,R000,Montebello,Friday,
20,2019-09-21,1202.0,46562.5699,R000,Montebello,Saturday,
21,2019-09-22,1037.0,42060.9938,R000,Montebello,Sunday,
22,2019-09-23,484.0,17323.4915,R000,Montebello,Monday,
23,2019-09-24,473.0,17643.773,R000,Montebello,Tuesday,
24,2019-09-25,494.0,18163.1205,R000,Montebello,Wednesday,
25,2019-09-26,493.0,17483.611599999997,R000,Montebello,Thursday,
26,2019-09-27,806.0,29415.3881,R000,Montebello,Friday,
27,2019-09-28,1186.0,46521.7655,R000,Montebello,Saturday,
28,2019-09-29,1071.0,41901.9888,R000,Montebello,Sunday,
29,2019-09-30,447.0,14922.8877,R000,Montebello,Monday,
30,2019-10-01,457.0,16554.692,R000,Montebello,Tuesday,
31,2019-10-02,461.0,17089.2792,R000,Montebello,Wednesday,
32,2019-10-03,511.0,18604.3697,R000,Montebello,Thursday,
33,2019-10-04,731.0,26670.714,R000,Montebello,Friday,
34,2019-10-05,1174.0,46057.0992,R000,Montebello,Saturday,
35,2019-10-06,1075.0,42094.1577,R000,Montebello,Sunday,
36,2019-10-07,471.0,17471.965,R000,Montebello,Monday,
37,2019-10-08,467.0,19039.0935,R000,Montebello,Tuesday,
38,2019-10-09,520.0,18731.9454,R000,Montebello,Wednesday,
39,2019-10-10,532.0,18322.1255,R000,Montebello,Thursday,
40,2019-10-11,832.0,30182.0813,R000,Montebello,Friday,
41,2019-10-12,1312.0,50731.7223,R000,Montebello,Saturday,
42,2019-10-13,1101.0,45405.7982,R000,Montebello,Sunday,
43,2019-10-14,471.0,17108.7315,R000,Montebello,Monday,
44,2019-10-15,572.0,19393.8192,R000,Montebello,Tuesday,
45,2019-10-16,571.0,21150.556,R000,Montebello,Wednesday,
46,2019-10-17,533.0,18044.0113,R000,Montebello,Thursday,
47,2019-10-18,843.0,32797.9407,R000,Montebello,Friday,
48,2019-10-19,1319.0,53155.8258,R000,Montebello,Saturday,
49,2019-10-20,1235.0,47767.0431,R000,Montebello,Sunday,
50,2019-10-21,398.0,13923.3038,R000,Montebello,Monday,
51,2019-10-22,546.0,20844.936,R000,Montebello,Tuesday,
52,2019-10-23,524.0,19022.1192,R000,Montebello,Wednesday,
53,2019-10-24,524.0,19033.4767,R000,Montebello,Thursday,
54,2019-10-25,876.0,32141.5185,R000,Montebello,Friday,
55,2019-10-26,1401.0,55859.7781,R000,Montebello,Saturday,
56,2019-10-27,1153.0,48654.2497,R000,Montebello,Sunday,
57,2019-10-28,512.0,17937.870300000002,R000,Montebello,Monday,
58,2019-10-29,502.0,19354.006,R000,Montebello,Tuesday,
59,2019-10-30,570.0,20394.2704,R000,Montebello,Wednesday,
60,2019-10-31,1077.0,43788.6141,R000,Montebello,Thursday,
61,2019-11-01,1027.0,45152.8357,R000,Montebello,Friday,Tutti i Santi
62,2019-11-02,1339.0,55136.9868,R000,Montebello,Saturday,
63,2019-11-03,1209.0,49691.04489999999,R000,Montebello,Sunday,
64,2019-11-04,511.0,18468.3275,R000,Montebello,Monday,
65,2019-11-05,518.0,17940.8439,R000,Montebello,Tuesday,
66,2019-11-06,505.0,17327.9932,R000,Montebello,Wednesday,
67,2019-11-07,532.0,19112.4836,R000,Montebello,Thursday,
68,2019-11-08,841.0,30835.5299,R000,Montebello,Friday,
69,2019-11-09,1349.0,52177.5527,R000,Montebello,Saturday,
70,2019-11-10,1260.0,50998.7681,R000,Montebello,Sunday,
71,2019-11-11,456.0,16405.1447,R000,Montebello,Monday,
72,2019-11-12,499.0,18466.8407,R000,Montebello,Tuesday,
73,2019-11-13,531.0,18916.9281,R000,Montebello,Wednesday,
74,2019-11-14,512.0,18187.0745,R000,Montebello,Thursday,
75,2019-11-15,807.0,30181.9987,R000,Montebello,Friday,
76,2019-11-16,1274.0,51301.8688,R000,Montebello,Saturday,
77,2019-11-17,1300.0,53538.8007,R000,Montebello,Sunday,
78,2019-11-18,510.0,17128.142499999998,R000,Montebello,Monday,
79,2019-11-19,502.0,16849.987,R000,Montebello,Tuesday,
80,2019-11-20,579.0,18852.4175,R000,Montebello,Wednesday,
81,2019-11-21,603.0,21149.9778,R000,Montebello,Thursday,
82,2019-11-22,864.0,30814.5082,R000,Montebello,Friday,
83,2019-11-23,1367.0,50245.0431,R000,Montebello,Saturday,
84,2019-11-24,1277.0,50250.536,R000,Montebello,Sunday,
85,2019-11-25,494.0,16595.7442,R000,Montebello,Monday,
86,2019-11-26,473.0,16509.8402,R000,Montebello,Tuesday,
87,2019-11-27,556.0,20500.2875,R000,Montebello,Wednesday,
88,2019-11-28,534.0,20237.6195,R000,Montebello,Thursday,
89,2019-11-29,948.0,37128.9891,R000,Montebello,Friday,
90,2019-11-30,412.0,56724.3936,R000,Montebello,Saturday,
91,2019-12-01,1258.0,54639.7348,R000,Montebello,Sunday,
92,2019-12-02,542.0,20297.6697,R000,Montebello,Monday,
93,2019-12-03,527.0,17806.6602,R000,Montebello,Tuesday,
94,2019-12-04,568.0,21011.5815,R000,Montebello,Wednesday,
95,2019-12-05,550.0,20553.4819,R000,Montebello,Thursday,
96,2019-12-06,859.0,32666.4415,R000,Montebello,Friday,
97,2019-12-07,1250.0,48009.8871,R000,Montebello,Saturday,
98,2019-12-08,1297.0,52285.5935,R000,Montebello,Sunday,Immacolata Concezione
99,2019-12-09,597.0,23177.4774,R000,Montebello,Monday,
100,2019-12-10,703.0,22693.6066,R000,Montebello,Tuesday,
101,2019-12-11,620.0,25914.5936,R000,Montebello,Wednesday,
102,2019-12-12,702.0,22065.0206,R000,Montebello,Thursday,
103,2019-12-13,850.0,33612.1702,R000,Montebello,Friday,
104,2019-12-14,1457.0,58477.083,R000,Montebello,Saturday,
105,2019-12-15,1260.0,54871.0148,R000,Montebello,Sunday,
106,2019-12-16,577.0,20713.3955,R000,Montebello,Monday,
107,2019-12-17,620.0,22363.7435,R000,Montebello,Tuesday,
108,2019-12-18,674.0,26697.8481,R000,Montebello,Wednesday,
109,2019-12-19,808.0,29051.9894,R000,Montebello,Thursday,
110,2019-12-20,1005.0,39230.9526,R000,Montebello,Friday,
111,2019-12-21,1611.0,64084.6731,R000,Montebello,Saturday,
112,2019-12-22,1496.0,63740.5615,R000,Montebello,Sunday,
113,2019-12-23,951.0,37414.4134,R000,Montebello,Monday,
114,2019-12-24,554.0,21593.7463,R000,Montebello,Tuesday,
115,2019-12-25,340.0,12395.6994,R000,Montebello,Wednesday,Natale
116,2019-12-26,976.0,40848.8388,R000,Montebello,Thursday,Santo Stefano
117,2019-12-27,1104.0,43701.016800000005,R000,Montebello,Friday,
118,2019-12-28,1521.0,56494.3113,R000,Montebello,Saturday,
119,2019-12-29,1219.0,48248.5598,R000,Montebello,Sunday,
120,2019-12-30,894.0,36371.38189999999,R000,Montebello,Monday,
121,2019-12-31,361.0,14662.1608,R000,Montebello,Tuesday,
122,2020-01-01,1056.0,41893.2332,R000,Montebello,Wednesday,Capodanno
123,2020-01-02,969.0,38404.1266,R000,Montebello,Thursday,
124,2020-01-03,945.0,38516.3387,R000,Montebello,Friday,
125,2020-01-04,1485.0,59886.3216,R000,Montebello,Saturday,
126,2020-01-05,1411.0,53588.6911,R000,Montebello,Sunday,
127,2020-01-06,765.0,30551.1794,R000,Montebello,Monday,Epifania del Signore
128,2020-01-07,465.0,15135.4175,R000,Montebello,Tuesday,
129,2020-01-08,448.0,15490.804,R000,Montebello,Wednesday,
130,2020-01-09,466.0,17125.003699999997,R000,Montebello,Thursday,
131,2020-01-10,801.0,28506.2099,R000,Montebello,Friday,
132,2020-01-11,1364.0,49973.6608,R000,Montebello,Saturday,
133,2020-01-12,1169.0,48099.219,R000,Montebello,Sunday,
134,2020-01-13,435.0,14580.3042,R000,Montebello,Monday,
135,2020-01-14,473.0,17122.236599999997,R000,Montebello,Tuesday,
136,2020-01-15,492.0,16908.9634,R000,Montebello,Wednesday,
137,2020-01-16,539.0,19622.456,R000,Montebello,Thursday,
138,2020-01-17,779.0,30126.4915,R000,Montebello,Friday,
139,2020-01-18,1191.0,49257.1058,R000,Montebello,Saturday,
140,2020-01-19,1237.0,51030.8582,R000,Montebello,Sunday,
141,2020-01-20,458.0,16644.2717,R000,Montebello,Monday,
142,2020-01-21,440.0,15412.4992,R000,Montebello,Tuesday,
143,2020-01-22,519.0,18928.1204,R000,Montebello,Wednesday,
144,2020-01-23,590.0,20172.7372,R000,Montebello,Thursday,
145,2020-01-24,741.0,26761.1197,R000,Montebello,Friday,
146,2020-01-25,1461.0,52321.731,R000,Montebello,Saturday,
147,2020-01-26,1148.0,47245.6719,R000,Montebello,Sunday,
148,2020-01-27,443.0,13741.8316,R000,Montebello,Monday,
149,2020-01-28,476.0,15339.7286,R000,Montebello,Tuesday,
150,2020-01-29,507.0,16352.6524,R000,Montebello,Wednesday,
151,2020-01-30,522.0,17050.5398,R000,Montebello,Thursday,
152,2020-01-31,838.0,28671.6577,R000,Montebello,Friday,
153,2020-02-01,1395.0,54272.4539,R000,Montebello,Saturday,
154,2020-02-02,1291.0,48978.8264,R000,Montebello,Sunday,
155,2020-02-03,475.0,16004.3695,R000,Montebello,Monday,
156,2020-02-04,491.0,17358.844299999997,R000,Montebello,Tuesday,
157,2020-02-05,548.0,19896.0685,R000,Montebello,Wednesday,
158,2020-02-06,517.0,19575.1262,R000,Montebello,Thursday,
159,2020-02-07,761.0,27943.2496,R000,Montebello,Friday,
160,2020-02-08,1303.0,47558.189,R000,Montebello,Saturday,
161,2020-02-09,1170.0,48402.9805,R000,Montebello,Sunday,
162,2020-02-10,463.0,14269.8521,R000,Montebello,Monday,
163,2020-02-11,495.0,17537.962399999997,R000,Montebello,Tuesday,
164,2020-02-12,560.0,19238.4073,R000,Montebello,Wednesday,
165,2020-02-13,540.0,18023.32,R000,Montebello,Thursday,
166,2020-02-14,966.0,36084.0991,R000,Montebello,Friday,
167,2020-02-15,1264.0,48563.018,R000,Montebello,Saturday,
168,2020-02-16,1205.0,48491.6516,R000,Montebello,Sunday,
169,2020-02-17,524.0,18010.8474,R000,Montebello,Monday,
170,2020-02-18,450.0,15788.1227,R000,Montebello,Tuesday,
171,2020-02-19,492.0,17764.327699999998,R000,Montebello,Wednesday,
172,2020-02-20,549.0,20408.0646,R000,Montebello,Thursday,
173,2020-02-21,779.0,29835.8634,R000,Montebello,Friday,
174,2020-02-22,1086.0,38569.7396,R000,Montebello,Saturday,
175,2020-02-23,691.0,24885.728,R000,Montebello,Sunday,
176,2020-02-24,323.0,11270.0266,R000,Montebello,Monday,
177,2020-02-25,257.0,9490.9465,R000,Montebello,Tuesday,
178,2020-02-26,305.0,12292.7385,R000,Montebello,Wednesday,
179,2020-02-27,357.0,13385.1235,R000,Montebello,Thursday,
180,2020-02-28,496.0,19547.5791,R000,Montebello,Friday,
181,2020-02-29,605.0,24952.4275,R000,Montebello,Saturday,
182,2020-03-01,514.0,21281.1879,R000,Montebello,Sunday,
183,2020-03-02,402.0,14275.3037,R000,Montebello,Monday,
184,2020-03-03,445.0,15222.9322,R000,Montebello,Tuesday,
185,2020-03-04,448.0,15026.7572,R000,Montebello,Wednesday,
186,2020-03-05,461.0,15936.2658,R000,Montebello,Thursday,
187,2020-03-06,493.0,16584.8823,R000,Montebello,Friday,
188,2020-03-07,557.0,22880.4065,R000,Montebello,Saturday,
189,2020-03-08,232.0,8069.483099999999,R000,Montebello,Sunday,
190,2020-03-09,184.0,6215.5261,R000,Montebello,Monday,
191,2020-03-10,142.0,5036.7828,R000,Montebello,Tuesday,
192,2020-03-11,135.0,4600.4896,R000,Montebello,Wednesday,
193,2020-03-12,0.0,0.0,R000,Montebello,Thursday,
194,2020-03-13,0.0,0.0,R000,Montebello,Friday,
195,2020-03-14,0.0,0.0,R000,Montebello,Saturday,
196,2020-03-15,0.0,0.0,R000,Montebello,Sunday,
197,2020-03-16,0.0,0.0,R000,Montebello,Monday,
198,2020-03-17,0.0,0.0,R000,Montebello,Tuesday,
199,2020-03-18,0.0,0.0,R000,Montebello,Wednesday,
200,2020-03-19,0.0,0.0,R000,Montebello,Thursday,
201,2020-03-20,0.0,0.0,R000,Montebello,Friday,
202,2020-03-21,0.0,0.0,R000,Montebello,Saturday,
203,2020-03-22,0.0,0.0,R000,Montebello,Sunday,
204,2020-03-23,0.0,0.0,R000,Montebello,Monday,
205,2020-03-24,0.0,0.0,R000,Montebello,Tuesday,
206,2020-03-25,0.0,0.0,R000,Montebello,Wednesday,
207,2020-03-26,0.0,0.0,R000,Montebello,Thursday,
208,2020-03-27,0.0,0.0,R000,Montebello,Friday,
209,2020-03-28,0.0,0.0,R000,Montebello,Saturday,
210,2020-03-29,0.0,0.0,R000,Montebello,Sunday,
211,2020-03-30,0.0,0.0,R000,Montebello,Monday,
212,2020-03-31,0.0,0.0,R000,Montebello,Tuesday,
213,2020-04-01,0.0,4.13,R000,Montebello,Wednesday,
214,2020-04-02,0.0,0.0,R000,Montebello,Thursday,
215,2020-04-03,0.0,0.0,R000,Montebello,Friday,
216,2020-04-04,0.0,0.0,R000,Montebello,Saturday,
217,2020-04-05,0.0,0.0,R000,Montebello,Sunday,
218,2020-04-06,0.0,0.0,R000,Montebello,Monday,
219,2020-04-07,0.0,0.0,R000,Montebello,Tuesday,
220,2020-04-08,0.0,0.0,R000,Montebello,Wednesday,
221,2020-04-09,0.0,0.0,R000,Montebello,Thursday,
222,2020-04-10,0.0,0.0,R000,Montebello,Friday,
223,2020-04-11,0.0,0.0,R000,Montebello,Saturday,
224,2020-04-12,0.0,0.0,R000,Montebello,Sunday,Pasqua di Resurrezione
225,2020-04-13,0.0,0.0,R000,Montebello,Monday,Lunedì dell'Angelo
226,2020-04-14,0.0,0.0,R000,Montebello,Tuesday,
227,2020-04-15,0.0,0.0,R000,Montebello,Wednesday,
228,2020-04-16,0.0,0.0,R000,Montebello,Thursday,
229,2020-04-17,0.0,0.0,R000,Montebello,Friday,
230,2020-04-18,0.0,0.0,R000,Montebello,Saturday,
231,2020-04-19,0.0,0.0,R000,Montebello,Sunday,
232,2020-04-20,0.0,0.0,R000,Montebello,Monday,
233,2020-04-21,0.0,0.0,R000,Montebello,Tuesday,
234,2020-04-22,0.0,0.0,R000,Montebello,Wednesday,
235,2020-04-23,0.0,0.0,R000,Montebello,Thursday,
236,2020-04-24,0.0,0.0,R000,Montebello,Friday,
237,2020-04-25,0.0,0.0,R000,Montebello,Saturday,Festa della Liberazione
238,2020-04-26,0.0,0.0,R000,Montebello,Sunday,
239,2020-04-27,0.0,0.0,R000,Montebello,Monday,
240,2020-04-28,0.0,0.0,R000,Montebello,Tuesday,
241,2020-04-29,0.0,0.0,R000,Montebello,Wednesday,
242,2020-04-30,0.0,0.0,R000,Montebello,Thursday,
243,2020-05-01,0.0,0.0,R000,Montebello,Friday,Festa dei Lavoratori
244,2020-05-02,0.0,0.0,R000,Montebello,Saturday,
245,2020-05-03,0.0,0.0,R000,Montebello,Sunday,
246,2020-05-04,0.0,0.0,R000,Montebello,Monday,
247,2020-05-05,0.0,0.0,R000,Montebello,Tuesday,
248,2020-05-06,0.0,0.0,R000,Montebello,Wednesday,
249,2020-05-07,181.0,12871.4754,R000,Montebello,Thursday,
250,2020-05-08,239.0,15634.4867,R000,Montebello,Friday,
251,2020-05-09,296.0,21602.9562,R000,Montebello,Saturday,
252,2020-05-10,209.0,15185.597,R000,Montebello,Sunday,
253,2020-05-11,237.0,13828.3551,R000,Montebello,Monday,
254,2020-05-12,200.0,10743.5755,R000,Montebello,Tuesday,
255,2020-05-13,228.0,13869.4486,R000,Montebello,Wednesday,
256,2020-05-14,241.0,13042.953,R000,Montebello,Thursday,
257,2020-05-15,290.0,17025.7185,R000,Montebello,Friday,
258,2020-05-16,315.0,20383.7802,R000,Montebello,Saturday,
259,2020-05-17,273.0,18842.0925,R000,Montebello,Sunday,
260,2020-05-18,285.0,19258.603000000003,R000,Montebello,Monday,
261,2020-05-19,311.0,17777.7915,R000,Montebello,Tuesday,
262,2020-05-20,297.0,15532.723499999998,R000,Montebello,Wednesday,
263,2020-05-21,323.0,17538.458000000002,R000,Montebello,Thursday,
264,2020-05-22,287.0,19365.6939,R000,Montebello,Friday,
265,2020-05-23,458.0,27928.299,R000,Montebello,Saturday,
266,2020-05-24,457.0,24915.051,R000,Montebello,Sunday,
267,2020-05-25,326.0,16126.5762,R000,Montebello,Monday,
268,2020-05-26,321.0,16757.9293,R000,Montebello,Tuesday,
269,2020-05-27,307.0,14514.2655,R000,Montebello,Wednesday,
270,2020-05-28,329.0,14996.6082,R000,Montebello,Thursday,
271,2020-05-29,367.0,20746.7246,R000,Montebello,Friday,
272,2020-05-30,497.0,27750.9155,R000,Montebello,Saturday,
273,2020-05-31,490.0,25767.3591,R000,Montebello,Sunday,
274,2020-06-01,420.0,22085.8771,R000,Montebello,Monday,
275,2020-06-02,376.0,20132.1806,R000,Montebello,Tuesday,Festa della Repubblica
276,2020-06-03,357.0,18173.7346,R000,Montebello,Wednesday,
277,2020-06-04,371.0,18404.8494,R000,Montebello,Thursday,
278,2020-06-05,384.0,17535.4844,R000,Montebello,Friday,
279,2020-06-06,568.0,28383.7554,R000,Montebello,Saturday,
280,2020-06-07,571.0,32679.2445,R000,Montebello,Sunday,
281,2020-06-08,376.0,19490.296,R000,Montebello,Monday,
282,2020-06-09,355.0,18862.4121,R000,Montebello,Tuesday,
283,2020-06-10,384.0,18211.7719,R000,Montebello,Wednesday,
284,2020-06-11,427.0,22308.4841,R000,Montebello,Thursday,
285,2020-06-12,430.0,22015.4193,R000,Montebello,Friday,
286,2020-06-13,525.0,27459.544,R000,Montebello,Saturday,
287,2020-06-14,477.0,26231.3233,R000,Montebello,Sunday,
288,2020-06-15,364.0,17662.8123,R000,Montebello,Monday,
289,2020-06-16,350.0,16443.595,R000,Montebello,Tuesday,
290,2020-06-17,374.0,18629.604,R000,Montebello,Wednesday,
291,2020-06-18,371.0,18638.9378,R000,Montebello,Thursday,
292,2020-06-19,424.0,20556.0425,R000,Montebello,Friday,
293,2020-06-20,485.0,25835.215,R000,Montebello,Saturday,
294,2020-06-21,467.0,23648.793,R000,Montebello,Sunday,
295,2020-06-22,296.0,12609.5095,R000,Montebello,Monday,
296,2020-06-23,347.0,15847.3882,R000,Montebello,Tuesday,
297,2020-06-24,383.0,17285.289,R000,Montebello,Wednesday,
298,2020-06-25,412.0,18413.2746,R000,Montebello,Thursday,
299,2020-06-26,422.0,21312.6585,R000,Montebello,Friday,
300,2020-06-27,501.0,23685.9217,R000,Montebello,Saturday,
301,2020-06-28,518.0,27816.789,R000,Montebello,Sunday,
302,2020-06-29,379.0,15876.9177,R000,Montebello,Monday,
303,2020-06-30,373.0,17074.8242,R000,Montebello,Tuesday,
304,2020-07-01,398.0,18346.9055,R000,Montebello,Wednesday,
305,2020-07-02,397.0,17577.197399999997,R000,Montebello,Thursday,
306,2020-07-03,434.0,19600.98,R000,Montebello,Friday,
307,2020-07-04,525.0,26488.0441,R000,Montebello,Saturday,
308,2020-07-05,465.0,23532.2857,R000,Montebello,Sunday,
309,2020-07-06,413.0,18032.0756,R000,Montebello,Monday,
310,2020-07-07,379.0,16290.785,R000,Montebello,Tuesday,
311,2020-07-08,387.0,16185.2635,R000,Montebello,Wednesday,
312,2020-07-09,338.0,15394.9054,R000,Montebello,Thursday,
313,2020-07-10,426.0,19792.4468,R000,Montebello,Friday,
314,2020-07-11,565.0,26232.1906,R000,Montebello,Saturday,
315,2020-07-12,554.0,27767.229,R000,Montebello,Sunday,
316,2020-07-13,386.0,16015.4792,R000,Montebello,Monday,
317,2020-07-14,392.0,16670.1668,R000,Montebello,Tuesday,
318,2020-07-15,422.0,19206.1107,R000,Montebello,Wednesday,
319,2020-07-16,427.0,18550.1015,R000,Montebello,Thursday,
320,2020-07-17,432.0,19364.950500000003,R000,Montebello,Friday,
321,2020-07-18,576.0,27742.6555,R000,Montebello,Saturday,
322,2020-07-19,511.0,26208.154,R000,Montebello,Sunday,
323,2020-07-20,355.0,15653.113,R000,Montebello,Monday,
324,2020-07-21,393.0,16064.3371,R000,Montebello,Tuesday,
325,2020-07-22,422.0,17667.1488,R000,Montebello,Wednesday,
326,2020-07-23,400.0,16652.6556,R000,Montebello,Thursday,
327,2020-07-24,450.0,21827.6695,R000,Montebello,Friday,
328,2020-07-25,579.0,27806.4227,R000,Montebello,Saturday,
329,2020-07-26,505.0,26145.9562,R000,Montebello,Sunday,
330,2020-07-27,389.0,16099.5247,R000,Montebello,Monday,
331,2020-07-28,332.0,13622.392,R000,Montebello,Tuesday,
332,2020-07-29,394.0,17532.8825,R000,Montebello,Wednesday,
333,2020-07-30,369.0,14791.6776,R000,Montebello,Thursday,
334,2020-07-31,444.0,19884.6697,R000,Montebello,Friday,
335,2020-08-01,518.0,24554.7085,R000,Montebello,Saturday,
336,2020-08-02,629.0,29837.5154,R000,Montebello,Sunday,
337,2020-08-03,504.0,21182.1505,R000,Montebello,Monday,
338,2020-08-04,493.0,20470.1385,R000,Montebello,Tuesday,
339,2020-08-05,415.0,17581.41,R000,Montebello,Wednesday,
340,2020-08-06,416.0,17926.884499999996,R000,Montebello,Thursday,
341,2020-08-07,441.0,19324.3526,R000,Montebello,Friday,
342,2020-08-08,547.0,26446.4963,R000,Montebello,Saturday,
343,2020-08-09,507.0,24409.539,R000,Montebello,Sunday,
344,2020-08-10,409.0,18872.448,R000,Montebello,Monday,
345,2020-08-11,397.0,18317.2108,R000,Montebello,Tuesday,
346,2020-08-12,416.0,18193.9303,R000,Montebello,Wednesday,
347,2020-08-13,442.0,16982.56,R000,Montebello,Thursday,
348,2020-08-14,477.0,22002.7402,R000,Montebello,Friday,
349,2020-08-15,188.0,9297.455999999998,R000,Montebello,Saturday,Assunzione della Vergine
350,2020-08-16,528.0,25704.707,R000,Montebello,Sunday,
351,2020-08-17,427.0,20705.5898,R000,Montebello,Monday,
352,2020-08-18,427.0,19457.545100000003,R000,Montebello,Tuesday,
353,2020-08-19,422.0,18785.8832,R000,Montebello,Wednesday,
354,2020-08-20,420.0,19337.8164,R000,Montebello,Thursday,
355,2020-08-21,409.0,17803.7692,R000,Montebello,Friday,
356,2020-08-22,557.0,26061.3325,R000,Montebello,Saturday,
357,2020-08-23,530.0,24601.997,R000,Montebello,Sunday,
358,2020-08-24,436.0,19275.949,R000,Montebello,Monday,
359,2020-08-25,415.0,17219.4568,R000,Montebello,Tuesday,
360,2020-08-26,413.0,20349.1295,R000,Montebello,Wednesday,
361,2020-08-27,452.0,20584.8699,R000,Montebello,Thursday,
362,2020-08-28,515.0,23187.059,R000,Montebello,Friday,
363,2020-08-29,726.0,31625.7228,R000,Montebello,Saturday,
364,2020-08-30,693.0,34666.6005,R000,Montebello,Sunday,
365,2020-08-31,505.0,21034.503,R000,Montebello,Monday,
366,2020-09-01,461.0,22244.7169,R000,Montebello,Tuesday,
367,2020-09-02,535.0,23370.431,R000,Montebello,Wednesday,
368,2020-09-03,504.0,21191.856,R000,Montebello,Thursday,
369,2020-09-04,562.0,25242.3535,R000,Montebello,Friday,
370,2020-09-05,658.0,29135.085,R000,Montebello,Saturday,
371,2020-09-06,658.0,30722.9048,R000,Montebello,Sunday,
372,2020-09-07,501.0,22130.4398,R000,Montebello,Monday,
373,2020-09-08,525.0,23452.8658,R000,Montebello,Tuesday,
374,2020-09-09,471.0,20785.7944,R000,Montebello,Wednesday,
375,2020-09-10,500.0,22453.984,R000,Montebello,Thursday,
376,2020-09-11,594.0,27225.373,R000,Montebello,Friday,
377,2020-09-12,730.0,31248.9429,R000,Montebello,Saturday,
378,2020-09-13,584.0,28682.024,R000,Montebello,Sunday,
379,2020-09-14,443.0,19844.237,R000,Montebello,Monday,
380,2020-09-15,584.0,18885.8705,R000,Montebello,Tuesday,
381,2020-09-16,411.0,19254.6795,R000,Montebello,Wednesday,
382,2020-09-17,386.0,17090.229099999997,R000,Montebello,Thursday,
383,2020-09-18,541.0,25534.551,R000,Montebello,Friday,
384,2020-09-19,702.0,32871.3308,R000,Montebello,Saturday,
385,2020-09-20,689.0,32168.9417,R000,Montebello,Sunday,
386,2020-09-21,485.0,20418.7613,R000,Montebello,Monday,
387,2020-09-22,399.0,16630.270999999997,R000,Montebello,Tuesday,
388,2020-09-23,451.0,19376.308,R000,Montebello,Wednesday,
389,2020-09-24,440.0,18231.4307,R000,Montebello,Thursday,
390,2020-09-25,543.0,23896.18,R000,Montebello,Friday,
391,2020-09-26,777.0,33261.574499999995,R000,Montebello,Saturday,
392,2020-09-27,711.0,30815.8298,R000,Montebello,Sunday,
393,2020-09-28,433.0,17200.0045,R000,Montebello,Monday,
394,2020-09-29,421.0,16577.117899999997,R000,Montebello,Tuesday,
395,2020-09-30,443.0,18331.2115,R000,Montebello,Wednesday,
396,2020-10-01,436.0,18094.0669,R000,Montebello,Thursday,
397,2020-10-02,580.0,24738.7413,R000,Montebello,Friday,
398,2020-10-03,760.0,33666.3145,R000,Montebello,Saturday,
399,2020-10-04,647.0,33064.6974,R000,Montebello,Sunday,
400,2020-10-05,381.0,15374.750999999998,R000,Montebello,Monday,
401,2020-10-06,367.0,14894.6385,R000,Montebello,Tuesday,
402,2020-10-07,429.0,18711.4606,R000,Montebello,Wednesday,
403,2020-10-08,412.0,17887.153899999998,R000,Montebello,Thursday,
404,2020-10-09,558.0,23749.3998,R000,Montebello,Friday,
405,2020-10-10,767.0,33825.0304,R000,Montebello,Saturday,
406,2020-10-11,637.0,30053.4318,R000,Montebello,Sunday,
407,2020-10-12,383.0,14801.713499999998,R000,Montebello,Monday,
408,2020-10-13,362.0,15997.348499999998,R000,Montebello,Tuesday,
409,2020-10-14,410.0,18078.9511,R000,Montebello,Wednesday,
410,2020-10-15,405.0,16979.9168,R000,Montebello,Thursday,
411,2020-10-16,540.0,25712.7192,R000,Montebello,Friday,
412,2020-10-17,709.0,33862.9438,R000,Montebello,Saturday,
413,2020-10-18,692.0,31849.1145,R000,Montebello,Sunday,
414,2020-10-19,348.0,14086.8105,R000,Montebello,Monday,
415,2020-10-20,380.0,15376.816,R000,Montebello,Tuesday,
416,2020-10-21,350.0,15858.4153,R000,Montebello,Wednesday,
417,2020-10-22,466.0,19372.7975,R000,Montebello,Thursday,
418,2020-10-23,494.0,23352.0525,R000,Montebello,Friday,
419,2020-10-24,439.0,22444.072,R000,Montebello,Saturday,
420,2020-10-25,362.0,16744.052499999998,R000,Montebello,Sunday,
421,2020-10-26,320.0,14564.7341,R000,Montebello,Monday,
422,2020-10-27,352.0,16080.980999999998,R000,Montebello,Tuesday,
423,2020-10-28,347.0,16214.9995,R000,Montebello,Wednesday,
424,2020-10-29,378.0,17754.87,R000,Montebello,Thursday,
425,2020-10-30,475.0,24359.8551,R000,Montebello,Friday,
426,2020-10-31,406.0,23742.0897,R000,Montebello,Saturday,
427,2020-11-01,341.0,18206.7333,R000,Montebello,Sunday,Tutti i Santi
428,2020-11-02,377.0,17171.4662,R000,Montebello,Monday,
429,2020-11-03,320.0,15373.512,R000,Montebello,Tuesday,
430,2020-11-04,417.0,20692.539,R000,Montebello,Wednesday,
431,2020-11-05,445.0,21462.1645,R000,Montebello,Thursday,
432,2020-11-06,168.0,9491.979,R000,Montebello,Friday,
433,2020-11-07,130.0,7565.4166,R000,Montebello,Saturday,
434,2020-11-08,103.0,6223.91,R000,Montebello,Sunday,
435,2020-11-09,202.0,9880.8185,R000,Montebello,Monday,
436,2020-11-10,188.0,8861.9475,R000,Montebello,Tuesday,
437,2020-11-11,200.0,10055.724,R000,Montebello,Wednesday,
438,2020-11-12,211.0,10422.633199999998,R000,Montebello,Thursday,
439,2020-11-13,251.0,14523.5993,R000,Montebello,Friday,
440,2020-11-14,230.0,13597.4055,R000,Montebello,Saturday,
441,2020-11-15,165.0,8673.6195,R000,Montebello,Sunday,
442,2020-11-16,228.0,10540.586,R000,Montebello,Monday,
443,2020-11-17,219.0,10500.7728,R000,Montebello,Tuesday,
444,2020-11-18,227.0,11522.1631,R000,Montebello,Wednesday,
445,2020-11-19,226.0,10753.694,R000,Montebello,Thursday,
446,2020-11-20,273.0,14658.3199,R000,Montebello,Friday,
447,2020-11-21,271.0,16288.4309,R000,Montebello,Saturday,
448,2020-11-22,189.0,11073.356,R000,Montebello,Sunday,
449,2020-11-23,238.0,11801.062,R000,Montebello,Monday,
450,2020-11-24,243.0,11724.657,R000,Montebello,Tuesday,
451,2020-11-25,251.0,12805.065,R000,Montebello,Wednesday,
452,2020-11-26,261.0,13173.461,R000,Montebello,Thursday,
453,2020-11-27,302.0,17075.6915,R000,Montebello,Friday,
454,2020-11-28,305.0,16899.96,R000,Montebello,Saturday,
455,2020-11-29,299.0,15483.37,R000,Montebello,Sunday,
456,2020-11-30,342.0,16871.5043,R000,Montebello,Monday,
457,2020-12-01,330.0,16631.097,R000,Montebello,Tuesday,
458,2020-12-02,308.0,15865.6015,R000,Montebello,Wednesday,
459,2020-12-03,345.0,17360.6202,R000,Montebello,Thursday,
460,2020-12-04,224.0,12305.5415,R000,Montebello,Friday,
461,2020-12-05,312.0,19038.6392,R000,Montebello,Saturday,
462,2020-12-06,312.0,17235.274699999998,R000,Montebello,Sunday,
463,2020-12-07,395.0,21496.0305,R000,Montebello,Monday,
464,2020-12-08,208.0,11766.1635,R000,Montebello,Tuesday,Immacolata Concezione
465,2020-12-09,386.0,17970.6625,R000,Montebello,Wednesday,
466,2020-12-10,384.0,19546.5879,R000,Montebello,Thursday,
467,2020-12-11,420.0,23390.8745,R000,Montebello,Friday,
468,2020-12-12,375.0,21447.0074,R000,Montebello,Saturday,
469,2020-12-13,512.0,28915.1212,R000,Montebello,Sunday,
470,2020-12-14,445.0,20543.7351,R000,Montebello,Monday,
471,2020-12-15,472.0,22040.2819,R000,Montebello,Tuesday,
472,2020-12-16,483.0,25064.8874,R000,Montebello,Wednesday,
473,2020-12-17,489.0,24503.7856,R000,Montebello,Thursday,
474,2020-12-18,679.0,33276.4425,R000,Montebello,Friday,
475,2020-12-19,536.0,30090.354,R000,Montebello,Saturday,
476,2020-12-20,426.0,24450.3021,R000,Montebello,Sunday,
477,2020-12-21,492.0,25818.5298,R000,Montebello,Monday,
478,2020-12-22,529.0,27854.2481,R000,Montebello,Tuesday,
479,2020-12-23,592.0,31802.4455,R000,Montebello,Wednesday,
480,2020-12-24,75.0,3624.901,R000,Montebello,Thursday,
481,2020-12-25,0.0,0.0,R000,Montebello,Friday,Natale
482,2020-12-26,0.0,0.0,R000,Montebello,Saturday,Santo Stefano
483,2020-12-27,180.0,11355.8893,R000,Montebello,Sunday,
484,2020-12-28,305.0,17320.6831,R000,Montebello,Monday,
485,2020-12-29,445.0,25337.8391,R000,Montebello,Tuesday,
486,2020-12-30,505.0,29912.4749,R000,Montebello,Wednesday,
487,2020-12-31,87.0,4489.1035,R000,Montebello,Thursday,
488,2021-01-01,0.0,0.0,R000,Montebello,Friday,Capodanno
489,2021-01-02,258.0,16199.925,R000,Montebello,Saturday,
490,2021-01-03,200.0,12679.1413,R000,Montebello,Sunday,
491,2021-01-04,521.0,27868.001,R000,Montebello,Monday,
492,2021-01-05,235.0,12535.1695,R000,Montebello,Tuesday,
493,2021-01-06,0.0,0.0,R000,Montebello,Wednesday,Epifania del Signore
494,2021-01-07,470.0,22859.3435,R000,Montebello,Thursday,
495,2021-01-08,522.0,28023.702,R000,Montebello,Friday,
496,2021-01-09,333.0,19759.2829,R000,Montebello,Saturday,
497,2021-01-10,244.0,13305.4145,R000,Montebello,Sunday,
498,2021-01-11,339.0,15811.5398,R000,Montebello,Monday,
499,2021-01-12,341.0,16844.411500000002,R000,Montebello,Tuesday,
500,2021-01-13,334.0,17400.9703,R000,Montebello,Wednesday,
501,2021-01-14,359.0,19655.9916,R000,Montebello,Thursday,
502,2021-01-15,415.0,22402.0699,R000,Montebello,Friday,
503,2021-01-16,412.0,23901.2186,R000,Montebello,Saturday,
504,2021-01-17,157.0,10665.725,R000,Montebello,Sunday,
505,2021-01-18,214.0,9784.795999999998,R000,Montebello,Monday,
506,2021-01-19,202.0,10566.0268,R000,Montebello,Tuesday,
507,2021-01-20,256.0,14290.4195,R000,Montebello,Wednesday,
508,2021-01-21,238.0,10854.3008,R000,Montebello,Thursday,
509,2021-01-22,291.0,15915.9875,R000,Montebello,Friday,
510,2021-01-23,281.0,16330.3504,R000,Montebello,Saturday,
511,2021-01-24,337.0,19048.2621,R000,Montebello,Sunday,
512,2021-01-25,361.0,17869.8492,R000,Montebello,Monday,
513,2021-01-26,373.0,18057.7642,R000,Montebello,Tuesday,
514,2021-01-27,349.0,17672.0635,R000,Montebello,Wednesday,
515,2021-01-28,373.0,17810.4598,R000,Montebello,Thursday,
516,2021-01-29,477.0,25187.4245,R000,Montebello,Friday,
517,2021-01-30,376.0,19950.8323,R000,Montebello,Saturday,
518,2021-01-31,372.0,20539.0682,R000,Montebello,Sunday,
519,2021-02-01,382.0,16428.5205,R000,Montebello,Monday,
520,2021-02-02,377.0,17019.110500000003,R000,Montebello,Tuesday,
521,2021-02-03,399.0,18262.6122,R000,Montebello,Wednesday,
522,2021-02-04,393.0,17494.4735,R000,Montebello,Thursday,
523,2021-02-05,446.0,21898.3751,R000,Montebello,Friday,
524,2021-02-06,533.0,27338.535,R000,Montebello,Saturday,
525,2021-02-07,430.0,23138.5315,R000,Montebello,Sunday,
526,2021-02-08,315.0,13421.8392,R000,Montebello,Monday,
527,2021-02-09,389.0,17543.5792,R000,Montebello,Tuesday,
528,2021-02-10,383.0,19203.4675,R000,Montebello,Wednesday,
529,2021-02-11,400.0,19831.1449,R000,Montebello,Thursday,
530,2021-02-12,482.0,24273.0425,R000,Montebello,Friday,
531,2021-02-13,496.0,26336.5144,R000,Montebello,Saturday,
532,2021-02-14,498.0,27818.8127,R000,Montebello,Sunday,
533,2021-02-15,530.0,25409.825,R000,Montebello,Monday,
534,2021-02-16,437.0,22595.8495,R000,Montebello,Tuesday,
535,2021-02-17,370.0,16568.7753,R000,Montebello,Wednesday,
536,2021-02-18,331.0,16532.5965,R000,Montebello,Thursday,
537,2021-02-19,443.0,21659.1655,R000,Montebello,Friday,
538,2021-02-20,518.0,27090.2807,R000,Montebello,Saturday,
539,2021-02-21,431.0,22053.9522,R000,Montebello,Sunday,
540,2021-02-22,350.0,15410.9298,R000,Montebello,Monday,
541,2021-02-23,354.0,15621.725,R000,Montebello,Tuesday,
542,2021-02-24,350.0,16516.0765,R000,Montebello,Wednesday,
543,2021-02-25,395.0,17256.8333,R000,Montebello,Thursday,
544,2021-02-26,509.0,25119.775100000003,R000,Montebello,Friday,
545,2021-02-27,499.0,25997.3175,R000,Montebello,Saturday,
546,2021-02-28,468.0,23656.0618,R000,Montebello,Sunday,
547,2021-03-01,294.0,12345.809,R000,Montebello,Monday,
548,2021-03-02,305.0,14407.5876,R000,Montebello,Tuesday,
549,2021-03-03,314.0,15507.5305,R000,Montebello,Wednesday,
550,2021-03-04,376.0,18077.9599,R000,Montebello,Thursday,
551,2021-03-05,354.0,16842.5117,R000,Montebello,Friday,
552,2021-03-06,275.0,14371.160999999998,R000,Montebello,Saturday,
553,2021-03-07,234.0,12417.9601,R000,Montebello,Sunday,
554,2021-03-08,243.0,12300.5855,R000,Montebello,Monday,
555,2021-03-09,291.0,12822.5349,R000,Montebello,Tuesday,
556,2021-03-10,342.0,17120.708499999997,R000,Montebello,Wednesday,
557,2021-03-11,334.0,15854.4505,R000,Montebello,Thursday,
558,2021-03-12,415.0,21098.931,R000,Montebello,Friday,
559,2021-03-13,343.0,19687.6274,R000,Montebello,Saturday,
560,2021-03-14,310.0,16250.1045,R000,Montebello,Sunday,
561,2021-03-15,190.0,9313.3565,R000,Montebello,Monday,
562,2021-03-16,229.0,10762.1605,R000,Montebello,Tuesday,
563,2021-03-17,236.0,12426.963499999998,R000,Montebello,Wednesday,
564,2021-03-18,250.0,12969.025999999998,R000,Montebello,Thursday,
565,2021-03-19,297.0,16003.337,R000,Montebello,Friday,
566,2021-03-20,272.0,16091.9668,R000,Montebello,Saturday,
567,2021-03-21,219.0,11860.947,R000,Montebello,Sunday,
568,2021-03-22,236.0,10538.7275,R000,Montebello,Monday,
569,2021-03-23,261.0,10879.9068,R000,Montebello,Tuesday,
570,2021-03-24,247.0,12364.3527,R000,Montebello,Wednesday,
571,2021-03-25,271.0,12622.1886,R000,Montebello,Thursday,
572,2021-03-26,332.0,18291.77,R000,Montebello,Friday,
573,2021-03-27,317.0,17092.2115,R000,Montebello,Saturday,
574,2021-03-28,209.0,11025.2002,R000,Montebello,Sunday,
575,2021-03-29,282.0,13507.990999999998,R000,Montebello,Monday,
576,2021-03-30,269.0,14148.554,R000,Montebello,Tuesday,
577,2021-03-31,344.0,15946.6734,R000,Montebello,Wednesday,
578,2021-04-01,337.0,16788.9043,R000,Montebello,Thursday,
579,2021-04-02,365.0,16887.7765,R000,Montebello,Friday,
580,2021-04-03,293.0,15908.5122,R000,Montebello,Saturday,
581,2021-04-04,0.0,0.0,R000,Montebello,Sunday,Pasqua di Resurrezione
582,2021-04-05,0.0,0.0,R000,Montebello,Monday,Lunedì dell'Angelo
583,2021-04-06,304.0,14200.592,R000,Montebello,Tuesday,
584,2021-04-07,300.0,14721.2198,R000,Montebello,Wednesday,
585,2021-04-08,348.0,17173.779,R000,Montebello,Thursday,
586,2021-04-09,361.0,19849.606,R000,Montebello,Friday,
587,2021-04-10,391.0,21682.087,R000,Montebello,Saturday,
588,2021-04-11,289.0,15511.3714,R000,Montebello,Sunday,
589,2021-04-12,416.0,18922.421,R000,Montebello,Monday,
590,2021-04-13,378.0,18313.4525,R000,Montebello,Tuesday,
591,2021-04-14,396.0,19920.4355,R000,Montebello,Wednesday,
592,2021-04-15,382.0,17696.017499999998,R000,Montebello,Thursday,
593,2021-04-16,466.0,23350.607,R000,Montebello,Friday,
594,2021-04-17,528.0,26886.5065,R000,Montebello,Saturday,
595,2021-04-18,446.0,23273.9955,R000,Montebello,Sunday,
596,2021-04-19,399.0,18962.482,R000,Montebello,Monday,
597,2021-04-20,401.0,17363.345999999998,R000,Montebello,Tuesday,
598,2021-04-21,389.0,18364.3341,R000,Montebello,Wednesday,
599,2021-04-22,399.0,17932.873,R000,Montebello,Thursday,
600,2021-04-23,519.0,26792.3425,R000,Montebello,Friday,
601,2021-04-24,528.0,28642.4173,R000,Montebello,Saturday,
602,2021-04-25,444.0,22976.5942,R000,Montebello,Sunday,Festa della Liberazione
603,2021-04-26,439.0,20137.467,R000,Montebello,Monday,
604,2021-04-27,419.0,19232.584,R000,Montebello,Tuesday,
605,2021-04-28,414.0,19190.2515,R000,Montebello,Wednesday,
606,2021-04-29,424.0,19480.1775,R000,Montebello,Thursday,
607,2021-04-30,519.0,26106.143,R000,Montebello,Friday,
608,2021-05-01,444.0,23355.0261,R000,Montebello,Saturday,Festa dei Lavoratori
609,2021-05-02,490.0,25312.357,R000,Montebello,Sunday,
610,2021-05-03,391.0,16737.8575,R000,Montebello,Monday,
611,2021-05-04,374.0,17246.673499999997,R000,Montebello,Tuesday,
612,2021-05-05,389.0,16749.5454,R000,Montebello,Wednesday,
613,2021-05-06,407.0,18903.6295,R000,Montebello,Thursday,
614,2021-05-07,479.0,23832.2063,R000,Montebello,Friday,
615,2021-05-08,512.0,25684.6765,R000,Montebello,Saturday,
616,2021-05-09,461.0,22943.802,R000,Montebello,Sunday,
617,2021-05-10,379.0,16801.1704,R000,Montebello,Monday,
618,2021-05-11,387.0,17413.7733,R000,Montebello,Tuesday,
619,2021-05-12,382.0,16747.191300000002,R000,Montebello,Wednesday,
620,2021-05-13,419.0,19023.606,R000,Montebello,Thursday,
621,2021-05-14,527.0,24868.382,R000,Montebello,Friday,
622,2021-05-15,488.0,25667.4544,R000,Montebello,Saturday,
623,2021-05-16,488.0,25635.736,R000,Montebello,Sunday,
624,2021-05-17,411.0,16868.2829,R000,Montebello,Monday,
625,2021-05-18,438.0,18697.749,R000,Montebello,Tuesday,
626,2021-05-19,417.0,20259.5085,R000,Montebello,Wednesday,
627,2021-05-20,433.0,18012.169,R000,Montebello,Thursday,
628,2021-05-21,544.0,25530.2145,R000,Montebello,Friday,
629,2021-05-22,686.0,35103.0176,R000,Montebello,Saturday,
630,2021-05-23,603.0,31064.7449,R000,Montebello,Sunday,
631,2021-05-24,421.0,18669.4585,R000,Montebello,Monday,
632,2021-05-25,367.0,15507.9435,R000,Montebello,Tuesday,
633,2021-05-26,380.0,18359.7085,R000,Montebello,Wednesday,
634,2021-05-27,418.0,19247.8237,R000,Montebello,Thursday,
635,2021-05-28,478.0,22596.6755,R000,Montebello,Friday,
636,2021-05-29,654.0,30356.615100000003,R000,Montebello,Saturday,
637,2021-05-30,612.0,29960.1351,R000,Montebello,Sunday,
638,2021-05-31,375.0,16449.8313,R000,Montebello,Monday,
639,2021-06-01,434.0,20491.6145,R000,Montebello,Tuesday,
640,2021-06-02,574.0,28826.574,R000,Montebello,Wednesday,Festa della Repubblica
641,2021-06-03,415.0,18655.1274,R000,Montebello,Thursday,
642,2021-06-04,458.0,20610.3107,R000,Montebello,Friday,
643,2021-06-05,624.0,29899.7958,R000,Montebello,Saturday,
644,2021-06-06,616.0,30172.1693,R000,Montebello,Sunday,
645,2021-06-07,404.0,17782.788800000002,R000,Montebello,Monday,
646,2021-06-08,547.0,24960.2332,R000,Montebello,Tuesday,
647,2021-06-09,482.0,20584.3743,R000,Montebello,Wednesday,
648,2021-06-10,435.0,19164.2325,R000,Montebello,Thursday,
649,2021-06-11,479.0,22379.231,R000,Montebello,Friday,
650,2021-06-12,634.0,30727.7369,R000,Montebello,Saturday,
651,2021-06-13,546.0,27657.6601,R000,Montebello,Sunday,
652,2021-06-14,443.0,18846.9659,R000,Montebello,Monday,
653,2021-06-15,472.0,21086.8714,R000,Montebello,Tuesday,
654,2021-06-16,455.0,19997.8317,R000,Montebello,Wednesday,
655,2021-06-17,470.0,20155.1021,R000,Montebello,Thursday,
656,2021-06-18,534.0,24064.0645,R000,Montebello,Friday,
657,2021-06-19,617.0,29819.7564,R000,Montebello,Saturday,
658,2021-06-20,607.0,29547.5068,R000,Montebello,Sunday,
659,2021-06-21,480.0,21154.4795,R000,Montebello,Monday,
660,2021-06-22,424.0,16775.8122,R000,Montebello,Tuesday,
661,2021-06-23,510.0,21651.7315,R000,Montebello,Wednesday,
662,2021-06-24,467.0,21136.101,R000,Montebello,Thursday,
663,2021-06-25,546.0,25130.3892,R000,Montebello,Friday,
664,2021-06-26,616.0,28438.3127,R000,Montebello,Saturday,
665,2021-06-27,548.0,26082.1477,R000,Montebello,Sunday,
666,2021-06-28,462.0,19959.5053,R000,Montebello,Monday,
667,2021-06-29,448.0,18472.0032,R000,Montebello,Tuesday,
668,2021-06-30,471.0,19872.1145,R000,Montebello,Wednesday,
669,2021-07-01,490.0,22024.2575,R000,Montebello,Thursday,
670,2021-07-02,479.0,21457.5802,R000,Montebello,Friday,
671,2021-07-03,719.0,33173.6055,R000,Montebello,Saturday,
672,2021-07-04,826.0,38905.426,R000,Montebello,Sunday,
673,2021-07-05,544.0,21840.8855,R000,Montebello,Monday,
674,2021-07-06,427.0,18157.9993,R000,Montebello,Tuesday,
675,2021-07-07,513.0,23316.3693,R000,Montebello,Wednesday,
676,2021-07-08,510.0,22509.9455,R000,Montebello,Thursday,
677,2021-07-09,625.0,27900.0085,R000,Montebello,Friday,
678,2021-07-10,673.0,33969.25,R000,Montebello,Saturday,
679,2021-07-11,533.0,26982.1986,R000,Montebello,Sunday,
680,2021-07-12,579.0,25631.2756,R000,Montebello,Monday,
681,2021-07-13,613.0,28781.6809,R000,Montebello,Tuesday,
682,2021-07-14,556.0,24663.3688,R000,Montebello,Wednesday,
683,2021-07-15,564.0,27516.8271,R000,Montebello,Thursday,
684,2021-07-16,622.0,29136.5305,R000,Montebello,Friday,
685,2021-07-17,751.0,37498.5415,R000,Montebello,Saturday,
686,2021-07-18,678.0,32201.3622,R000,Montebello,Sunday,
687,2021-07-19,502.0,23458.6065,R000,Montebello,Monday,
688,2021-07-20,487.0,20553.358,R000,Montebello,Tuesday,
689,2021-07-21,538.0,24350.3974,R000,Montebello,Wednesday,
690,2021-07-22,515.0,23404.71,R000,Montebello,Thursday,
691,2021-07-23,576.0,24846.4517,R000,Montebello,Friday,
692,2021-07-24,710.0,33119.7503,R000,Montebello,Saturday,
693,2021-07-25,704.0,31980.5724,R000,Montebello,Sunday,
694,2021-07-26,474.0,21383.901,R000,Montebello,Monday,
695,2021-07-27,550.0,24567.2224,R000,Montebello,Tuesday,
696,2021-07-28,548.0,25055.7188,R000,Montebello,Wednesday,
697,2021-07-29,497.0,22575.3234,R000,Montebello,Thursday,
698,2021-07-30,582.0,24709.5835,R000,Montebello,Friday,
699,2021-07-31,633.0,31585.1249,R000,Montebello,Saturday,
700,2021-08-01,667.0,34251.329,R000,Montebello,Sunday,
701,2021-08-02,461.0,21631.6184,R000,Montebello,Monday,
702,2021-08-03,471.0,21871.654,R000,Montebello,Tuesday,
703,2021-08-04,613.0,25989.9248,R000,Montebello,Wednesday,
704,2021-08-05,524.0,23929.7569,R000,Montebello,Thursday,
705,2021-08-06,465.0,20173.811,R000,Montebello,Friday,
706,2021-08-07,531.0,24696.574,R000,Montebello,Saturday,
707,2021-08-08,506.0,26045.6385,R000,Montebello,Sunday,
708,2021-08-09,422.0,21416.3215,R000,Montebello,Monday,
709,2021-08-10,460.0,21309.3958,R000,Montebello,Tuesday,
710,2021-08-11,396.0,18215.778,R000,Montebello,Wednesday,
711,2021-08-12,490.0,20791.3699,R000,Montebello,Thursday,
712,2021-08-13,536.0,21995.3888,R000,Montebello,Friday,
713,2021-08-14,519.0,24923.0632,R000,Montebello,Saturday,
714,2021-08-15,0.0,0.0,R000,Montebello,Sunday,Assunzione della Vergine
715,2021-08-16,474.0,23610.2188,R000,Montebello,Monday,
716,2021-08-17,506.0,23897.419,R000,Montebello,Tuesday,
717,2021-08-18,508.0,23758.238,R000,Montebello,Wednesday,
718,2021-08-19,500.0,24513.8215,R000,Montebello,Thursday,
719,2021-08-20,474.0,21612.4965,R000,Montebello,Friday,
720,2021-08-21,549.0,26441.3751,R000,Montebello,Saturday,
721,2021-08-22,526.0,24520.8838,R000,Montebello,Sunday,
722,2021-08-23,489.0,21076.629,R000,Montebello,Monday,
723,2021-08-24,524.0,22300.761,R000,Montebello,Tuesday,
724,2021-08-25,494.0,21441.5145,R000,Montebello,Wednesday,
725,2021-08-26,429.0,20317.8654,R000,Montebello,Thursday,
726,2021-08-27,594.0,26501.797,R000,Montebello,Friday,
727,2021-08-28,683.0,32764.7355,R000,Montebello,Saturday,
728,2021-08-29,594.0,28642.1695,R000,Montebello,Sunday,
729,2021-08-30,476.0,21038.4265,R000,Montebello,Monday,
730,2021-08-31,558.0,26554.4545,R000,Montebello,Tuesday,
731,2021-09-01,560.0,25714.206,R000,Montebello,Wednesday,
732,2021-09-02,580.0,28135.5011,R000,Montebello,Thursday,
733,2021-09-03,555.0,26026.5579,R000,Montebello,Friday,
734,2021-09-04,652.0,30819.5055,R000,Montebello,Saturday,
735,2021-09-05,649.0,32023.607,R000,Montebello,Sunday,
736,2021-09-06,462.0,19472.4131,R000,Montebello,Monday,
737,2021-09-07,505.0,22840.8411,R000,Montebello,Tuesday,
738,2021-09-08,512.0,22976.2225,R000,Montebello,Wednesday,
739,2021-09-09,497.0,23583.0434,R000,Montebello,Thursday,
740,2021-09-10,553.0,25759.2643,R000,Montebello,Friday,
741,2021-09-11,666.0,30481.465,R000,Montebello,Saturday,
742,2021-09-12,574.0,29918.8351,R000,Montebello,Sunday,
743,2021-09-13,500.0,23494.331,R000,Montebello,Monday,
744,2021-09-14,398.0,17975.7424,R000,Montebello,Tuesday,
745,2021-09-15,417.0,18720.2162,R000,Montebello,Wednesday,
746,2021-09-16,504.0,24695.5415,R000,Montebello,Thursday,
747,2021-09-17,591.0,26846.9824,R000,Montebello,Friday,
748,2021-09-18,734.0,34271.6899,R000,Montebello,Saturday,
749,2021-09-19,718.0,34441.1438,R000,Montebello,Sunday,
750,2021-09-20,591.0,16923.7075,R000,Montebello,Monday,
751,2021-09-21,417.0,19897.6792,R000,Montebello,Tuesday,
752,2021-09-22,392.0,18064.2483,R000,Montebello,Wednesday,
753,2021-09-23,515.0,22744.4056,R000,Montebello,Thursday,
754,2021-09-24,557.0,25731.0977,R000,Montebello,Friday,
755,2021-09-25,759.0,37327.4356,R000,Montebello,Saturday,
756,2021-09-26,680.0,33739.0025,R000,Montebello,Sunday,
757,2021-09-27,427.0,19884.3806,R000,Montebello,Monday,
758,2021-09-28,418.0,18733.0605,R000,Montebello,Tuesday,
759,2021-09-29,428.0,19054.5397,R000,Montebello,Wednesday,
760,2021-09-30,434.0,18348.0206,R000,Montebello,Thursday,
761,2021-10-01,582.0,26946.598,R000,Montebello,Friday,
762,2021-10-02,719.0,34838.8215,R000,Montebello,Saturday,
763,2021-10-03,716.0,36049.531,R000,Montebello,Sunday,
764,2021-10-04,383.0,16965.0075,R000,Montebello,Monday,
765,2021-10-05,441.0,19980.5683,R000,Montebello,Tuesday,
766,2021-10-06,454.0,21125.6108,R000,Montebello,Wednesday,
767,2021-10-07,430.0,19488.644,R000,Montebello,Thursday,
768,2021-10-08,539.0,26023.0887,R000,Montebello,Friday,
769,2021-10-09,794.0,38601.3341,R000,Montebello,Saturday,
770,2021-10-10,678.0,34551.786499999995,R000,Montebello,Sunday,
771,2021-10-11,384.0,18882.36,R000,Montebello,Monday,
772,2021-10-12,409.0,18813.1825,R000,Montebello,Tuesday,
773,2021-10-13,420.0,18601.933,R000,Montebello,Wednesday,
774,2021-10-14,472.0,22852.529,R000,Montebello,Thursday,
775,2021-10-15,671.0,32445.7343,R000,Montebello,Friday,
776,2021-10-16,810.0,41412.9142,R000,Montebello,Saturday,
777,2021-10-17,719.0,35072.7447,R000,Montebello,Sunday,
778,2021-10-18,399.0,17006.2662,R000,Montebello,Monday,
779,2021-10-19,412.0,17457.8817,R000,Montebello,Tuesday,
780,2021-10-20,435.0,20077.8298,R000,Montebello,Wednesday,
781,2021-10-21,383.0,18294.248,R000,Montebello,Thursday,
782,2021-10-22,576.0,27166.727,R000,Montebello,Friday,
783,2021-10-23,720.0,38921.7395,R000,Montebello,Saturday,
784,2021-10-24,696.0,38655.6849,R000,Montebello,Sunday,
785,2021-10-25,441.0,20719.384,R000,Montebello,Monday,
786,2021-10-26,418.0,19365.4048,R000,Montebello,Tuesday,
787,2021-10-27,437.0,21146.7151,R000,Montebello,Wednesday,
788,2021-10-28,422.0,20404.5541,R000,Montebello,Thursday,
789,2021-10-29,638.0,29713.2024,R000,Montebello,Friday,
790,2021-10-30,797.0,38869.495,R000,Montebello,Saturday,
791,2021-10-31,768.0,40141.535,R000,Montebello,Sunday,
792,2021-11-01,569.0,28385.3661,R000,Montebello,Monday,Tutti i Santi
793,2021-11-02,407.0,19761.9261,R000,Montebello,Tuesday,
794,2021-11-03,441.0,20720.21,R000,Montebello,Wednesday,
795,2021-11-04,400.0,18053.4277,R000,Montebello,Thursday,
796,2021-11-05,521.0,25564.8239,R000,Montebello,Friday,
797,2021-11-06,863.0,44529.0818,R000,Montebello,Saturday,
798,2021-11-07,722.0,36303.9803,R000,Montebello,Sunday,
799,2021-11-08,382.0,17667.314,R000,Montebello,Monday,
800,2021-11-09,408.0,18880.8319,R000,Montebello,Tuesday,
801,2021-11-10,465.0,20914.733,R000,Montebello,Wednesday,
802,2021-11-11,634.0,20384.5649,R000,Montebello,Thursday,
803,2021-11-12,558.0,27761.034,R000,Montebello,Friday,
804,2021-11-13,901.0,45413.3974,R000,Montebello,Saturday,
805,2021-11-14,690.0,35618.978500000005,R000,Montebello,Sunday,
806,2021-11-15,423.0,19490.5438,R000,Montebello,Monday,
807,2021-11-16,402.0,18350.9116,R000,Montebello,Tuesday,
808,2021-11-17,387.0,19080.3935,R000,Montebello,Wednesday,
809,2021-11-18,443.0,19458.4537,R000,Montebello,Thursday,
810,2021-11-19,674.0,33784.0608,R000,Montebello,Friday,
811,2021-11-20,844.0,43414.1883,R000,Montebello,Saturday,
812,2021-11-21,670.0,37420.0715,R000,Montebello,Sunday,
813,2021-11-22,344.0,16798.1142,R000,Montebello,Monday,
814,2021-11-23,390.0,19113.0205,R000,Montebello,Tuesday,
815,2021-11-24,404.0,18040.5834,R000,Montebello,Wednesday,
816,2021-11-25,420.0,21286.4743,R000,Montebello,Thursday,
817,2021-11-26,653.0,31337.614,R000,Montebello,Friday,
818,2021-11-27,873.0,43689.5767,R000,Montebello,Saturday,
819,2021-11-28,699.0,37793.8365,R000,Montebello,Sunday,
820,2021-11-29,443.0,20016.0863,R000,Montebello,Monday,
821,2021-11-30,392.0,18521.6871,R000,Montebello,Tuesday,
822,2021-12-01,525.0,22122.8819,R000,Montebello,Wednesday,
823,2021-12-02,442.0,20493.6795,R000,Montebello,Thursday,
824,2021-12-03,646.0,29321.9262,R000,Montebello,Friday,
825,2021-12-04,826.0,39033.869,R000,Montebello,Saturday,
826,2021-12-05,674.0,35226.2568,R000,Montebello,Sunday,
827,2021-12-06,445.0,19380.5206,R000,Montebello,Monday,
828,2021-12-07,568.0,26653.8636,R000,Montebello,Tuesday,
829,2021-12-08,284.0,13460.2895,R000,Montebello,Wednesday,Immacolata Concezione
830,2021-12-09,482.0,22092.4851,R000,Montebello,Thursday,
831,2021-12-10,462.0,22629.550300000003,R000,Montebello,Friday,
832,2021-12-11,837.0,38828.1537,R000,Montebello,Saturday,
833,2021-12-12,673.0,36270.6099,R000,Montebello,Sunday,
834,2021-12-13,462.0,20389.3557,R000,Montebello,Monday,
835,2021-12-14,495.0,23149.063,R000,Montebello,Tuesday,
836,2021-12-15,687.0,32788.483,R000,Montebello,Wednesday,
837,2021-12-16,620.0,27718.2472,R000,Montebello,Thursday,
838,2021-12-17,732.0,35782.52649999999,R000,Montebello,Friday,
839,2021-12-18,1005.0,52146.4538,R000,Montebello,Saturday,
840,2021-12-19,853.0,45251.7492,R000,Montebello,Sunday,
841,2021-12-20,640.0,28037.331,R000,Montebello,Monday,
842,2021-12-21,705.0,33218.3334,R000,Montebello,Tuesday,
843,2021-12-22,669.0,32531.9274,R000,Montebello,Wednesday,
844,2021-12-23,804.0,42644.3976,R000,Montebello,Thursday,
845,2021-12-24,488.0,25152.3608,R000,Montebello,Friday,
846,2021-12-25,174.0,8736.395499999999,R000,Montebello,Saturday,Natale
847,2021-12-26,636.0,30854.610500000003,R000,Montebello,Sunday,Santo Stefano
848,2021-12-27,659.0,32015.5535,R000,Montebello,Monday,
849,2021-12-28,699.0,35850.2172,R000,Montebello,Tuesday,
850,2021-12-29,652.0,29036.791,R000,Montebello,Wednesday,
851,2021-12-30,509.0,25441.5434,R000,Montebello,Thursday,
852,2021-12-31,230.0,12085.5364,R000,Montebello,Friday,
853,2022-01-01,493.0,25549.3364,R000,Montebello,Saturday,Capodanno
854,2022-01-02,660.0,36198.0045,R000,Montebello,Sunday,
855,2022-01-03,515.0,25205.5965,R000,Montebello,Monday,
856,2022-01-04,441.0,22546.083,R000,Montebello,Tuesday,
857,2022-01-05,590.0,29099.5257,R000,Montebello,Wednesday,
858,2022-01-06,634.0,32485.0106,R000,Montebello,Thursday,Epifania del Signore
859,2022-01-07,579.0,30469.6945,R000,Montebello,Friday,
860,2022-01-08,656.0,31678.752,R000,Montebello,Saturday,
861,2022-01-09,600.0,32363.6299,R000,Montebello,Sunday,
862,2022-01-10,330.0,14612.3943,R000,Montebello,Monday,
863,2022-01-11,413.0,20117.8495,R000,Montebello,Tuesday,
864,2022-01-12,405.0,19507.229,R000,Montebello,Wednesday,
865,2022-01-13,452.0,20377.667800000003,R000,Montebello,Thursday,
866,2022-01-14,642.0,30472.1725,R000,Montebello,Friday,
867,2022-01-15,778.0,40697.2265,R000,Montebello,Saturday,
868,2022-01-16,691.0,37099.5835,R000,Montebello,Sunday,
869,2022-01-17,369.0,17674.913200000003,R000,Montebello,Monday,
870,2022-01-18,448.0,22110.0376,R000,Montebello,Tuesday,
871,2022-01-19,420.0,20662.3074,R000,Montebello,Wednesday,
872,2022-01-20,340.0,16133.3907,R000,Montebello,Thursday,
873,2022-01-21,523.0,26357.2057,R000,Montebello,Friday,
874,2022-01-22,684.0,37123.331000000006,R000,Montebello,Saturday,
875,2022-01-23,623.0,34519.4073,R000,Montebello,Sunday,
876,2022-01-24,358.0,17207.4385,R000,Montebello,Monday,
877,2022-01-25,334.0,15680.4123,R000,Montebello,Tuesday,
878,2022-01-26,359.0,18811.6957,R000,Montebello,Wednesday,
879,2022-01-27,390.0,20076.9625,R000,Montebello,Thursday,
880,2022-01-28,627.0,30190.3,R000,Montebello,Friday,
881,2022-01-29,818.0,43580.586,R000,Montebello,Saturday,
882,2022-01-30,629.0,33224.2393,R000,Montebello,Sunday,
883,2022-01-31,362.0,16956.4584,R000,Montebello,Monday,
884,2022-02-01,393.0,19666.7296,R000,Montebello,Tuesday,
885,2022-02-02,409.0,19421.738,R000,Montebello,Wednesday,
886,2022-02-03,385.0,17992.4689,R000,Montebello,Thursday,
887,2022-02-04,503.0,23585.2323,R000,Montebello,Friday,
888,2022-02-05,698.0,36159.4716,R000,Montebello,Saturday,
889,2022-02-06,620.0,33929.189,R000,Montebello,Sunday,
890,2022-02-07,366.0,16830.2043,R000,Montebello,Monday,
891,2022-02-08,376.0,17298.752800000002,R000,Montebello,Tuesday,
892,2022-02-09,430.0,20561.452800000003,R000,Montebello,Wednesday,
893,2022-02-10,400.0,19257.9422,R000,Montebello,Thursday,
894,2022-02-11,568.0,26638.4587,R000,Montebello,Friday,
895,2022-02-12,796.0,40009.829300000005,R000,Montebello,Saturday,
896,2022-02-13,660.0,36124.7796,R000,Montebello,Sunday,
897,2022-02-14,404.0,20300.6846,R000,Montebello,Monday,
898,2022-02-15,329.0,16050.1299,R000,Montebello,Tuesday,
899,2022-02-16,375.0,18908.7094,R000,Montebello,Wednesday,
900,2022-02-17,442.0,20912.5028,R000,Montebello,Thursday,
901,2022-02-18,541.0,25453.2313,R000,Montebello,Friday,
902,2022-02-19,896.0,41915.3287,R000,Montebello,Saturday,
903,2022-02-20,735.0,36571.976,R000,Montebello,Sunday,
904,2022-02-21,389.0,16972.5654,R000,Montebello,Monday,
905,2022-02-22,413.0,18858.6125,R000,Montebello,Tuesday,
906,2022-02-23,405.0,18969.2552,R000,Montebello,Wednesday,
907,2022-02-24,419.0,18299.8235,R000,Montebello,Thursday,
908,2022-02-25,596.0,27972.903,R000,Montebello,Friday,
909,2022-02-26,833.0,40010.6966,R000,Montebello,Saturday,
910,2022-02-27,732.0,36446.8783,R000,Montebello,Sunday,
911,2022-02-28,545.0,24413.8755,R000,Montebello,Monday,
912,2022-03-01,407.0,20619.3141,R000,Montebello,Tuesday,
913,2022-03-02,382.0,17464.3245,R000,Montebello,Wednesday,
914,2022-03-03,458.0,21784.924,R000,Montebello,Thursday,
915,2022-03-04,569.0,25813.9868,R000,Montebello,Friday,
916,2022-03-05,722.0,36780.7475,R000,Montebello,Saturday,
917,2022-03-06,711.0,38979.353,R000,Montebello,Sunday,
918,2022-03-07,395.0,18155.2735,R000,Montebello,Monday,
919,2022-03-08,371.0,18425.995,R000,Montebello,Tuesday,
920,2022-03-09,396.0,18962.9363,R000,Montebello,Wednesday,
921,2022-03-10,414.0,20166.9552,R000,Montebello,Thursday,
922,2022-03-11,529.0,27230.8659,R000,Montebello,Friday,
923,2022-03-12,698.0,37969.278900000005,R000,Montebello,Saturday,
924,2022-03-13,683.0,34971.5597,R000,Montebello,Sunday,
925,2022-03-14,341.0,15917.846,R000,Montebello,Monday,
926,2022-03-15,428.0,20096.2909,R000,Montebello,Tuesday,
927,2022-03-16,418.0,19815.6574,R000,Montebello,Wednesday,
928,2022-03-17,411.0,19328.0283,R000,Montebello,Thursday,
929,2022-03-18,547.0,25736.1363,R000,Montebello,Friday,
930,2022-03-19,738.0,39360.6346,R000,Montebello,Saturday,
931,2022-03-20,628.0,33009.2315,R000,Montebello,Sunday,
932,2022-03-21,373.0,17063.177600000003,R000,Montebello,Monday,
933,2022-03-22,440.0,20240.9648,R000,Montebello,Tuesday,
934,2022-03-23,469.0,21793.5144,R000,Montebello,Wednesday,
935,2022-03-24,391.0,17110.59,R000,Montebello,Thursday,
936,2022-03-25,612.0,28404.075,R000,Montebello,Friday,
937,2022-03-26,795.0,39732.4172,R000,Montebello,Saturday,
938,2022-03-27,705.0,36781.903900000005,R000,Montebello,Sunday,
939,2022-03-28,378.0,17154.161500000002,R000,Montebello,Monday,
940,2022-03-29,366.0,16936.304,R000,Montebello,Tuesday,
941,2022-03-30,389.0,18054.4602,R000,Montebello,Wednesday,
942,2022-03-31,456.0,20428.9624,R000,Montebello,Thursday,
943,2022-04-01,600.0,30288.594,R000,Montebello,Friday,
944,2022-04-02,789.0,39338.9934,R000,Montebello,Saturday,
945,2022-04-03,644.0,33331.165,R000,Montebello,Sunday,
946,2022-04-04,360.0,16348.3572,R000,Montebello,Monday,
947,2022-04-05,429.0,19664.2103,R000,Montebello,Tuesday,
948,2022-04-06,463.0,20844.523,R000,Montebello,Wednesday,
949,2022-04-07,445.0,22019.4667,R000,Montebello,Thursday,
950,2022-04-08,543.0,27692.8064,R000,Montebello,Friday,
951,2022-04-09,775.0,40795.1075,R000,Montebello,Saturday,
952,2022-04-10,709.0,36891.3076,R000,Montebello,Sunday,
953,2022-04-11,416.0,17759.5782,R000,Montebello,Monday,
954,2022-04-12,425.0,19744.9931,R000,Montebello,Tuesday,
955,2022-04-13,598.0,28571.5052,R000,Montebello,Wednesday,
956,2022-04-14,667.0,31779.4827,R000,Montebello,Thursday,
957,2022-04-15,642.0,30401.4256,R000,Montebello,Friday,
958,2022-04-16,763.0,40622.3496,R000,Montebello,Saturday,
959,2022-04-17,251.0,13218.023699999998,R000,Montebello,Sunday,Pasqua di Resurrezione
960,2022-04-18,513.0,25704.5831,R000,Montebello,Monday,Lunedì dell'Angelo
961,2022-04-19,479.0,24279.6092,R000,Montebello,Tuesday,
962,2022-04-20,458.0,21222.005,R000,Montebello,Wednesday,
963,2022-04-21,478.0,21687.7451,R000,Montebello,Thursday,
964,2022-04-22,558.0,27555.6078,R000,Montebello,Friday,
965,2022-04-23,759.0,39609.7975,R000,Montebello,Saturday,
966,2022-04-24,751.0,39707.1003,R000,Montebello,Sunday,
967,2022-04-25,596.0,34414.3814,R000,Montebello,Monday,Festa della Liberazione
968,2022-04-26,388.0,16965.5444,R000,Montebello,Tuesday,
969,2022-04-27,395.0,18672.3082,R000,Montebello,Wednesday,
970,2022-04-28,491.0,23185.9439,R000,Montebello,Thursday,
971,2022-04-29,588.0,30770.0281,R000,Montebello,Friday,
972,2022-04-30,856.0,41524.0112,R000,Montebello,Saturday,
973,2022-05-01,655.0,33685.3538,R000,Montebello,Sunday,Festa dei Lavoratori
974,2022-05-02,408.0,18341.9495,R000,Montebello,Monday,
975,2022-05-03,465.0,21019.0155,R000,Montebello,Tuesday,
976,2022-05-04,608.0,27313.2181,R000,Montebello,Wednesday,
977,2022-05-05,531.0,25525.052,R000,Montebello,Thursday,
978,2022-05-06,721.0,35858.6011,R000,Montebello,Friday,
979,2022-05-07,984.0,49711.9014,R000,Montebello,Saturday,
980,2022-05-08,800.0,39450.9164,R000,Montebello,Sunday,
981,2022-05-09,388.0,17839.122,R000,Montebello,Monday,
982,2022-05-10,409.0,17999.0769,R000,Montebello,Tuesday,
983,2022-05-11,455.0,21790.6234,R000,Montebello,Wednesday,
984,2022-05-12,493.0,22133.909,R000,Montebello,Thursday,
985,2022-05-13,638.0,31246.5475,R000,Montebello,Friday,
986,2022-05-14,741.0,34536.4642,R000,Montebello,Saturday,
987,2022-05-15,678.0,34906.966499999995,R000,Montebello,Sunday,
988,2022-05-16,436.0,18070.7737,R000,Montebello,Monday,
989,2022-05-17,481.0,21383.9423,R000,Montebello,Tuesday,
990,2022-05-18,494.0,21107.4801,R000,Montebello,Wednesday,
991,2022-05-19,429.0,20260.954,R000,Montebello,Thursday,
992,2022-05-20,496.0,23663.4132,R000,Montebello,Friday,
993,2022-05-21,748.0,39340.9345,R000,Montebello,Saturday,
994,2022-05-22,655.0,34116.5258,R000,Montebello,Sunday,
995,2022-05-23,365.0,17570.259000000002,R000,Montebello,Monday,
996,2022-05-24,430.0,21252.1127,R000,Montebello,Tuesday,
997,2022-05-25,423.0,19457.5864,R000,Montebello,Wednesday,
998,2022-05-26,456.0,20021.7444,R000,Montebello,Thursday,
999,2022-05-27,459.0,21571.403,R000,Montebello,Friday,
1000,2022-05-28,659.0,32928.7791,R000,Montebello,Saturday,
1001,2022-05-29,690.0,39005.5785,R000,Montebello,Sunday,
1002,2022-05-30,573.0,21188.139,R000,Montebello,Monday,
1003,2022-05-31,437.0,21539.8085,R000,Montebello,Tuesday,
1004,2022-06-01,536.0,27078.7993,R000,Montebello,Wednesday,
1005,2022-06-02,696.0,35998.732,R000,Montebello,Thursday,Festa della Repubblica
1006,2022-06-03,672.0,33866.0,R000,Montebello,Friday,
1007,2022-06-04,624.0,29016.4714,R000,Montebello,Saturday,
1008,2022-06-05,693.0,34834.4437,R000,Montebello,Sunday,
1009,2022-06-06,583.0,22997.6159,R000,Montebello,Monday,
1010,2022-06-07,476.0,22093.8067,R000,Montebello,Tuesday,
1011,2022-06-08,643.0,32300.6474,R000,Montebello,Wednesday,
1012,2022-06-09,562.0,26468.1375,R000,Montebello,Thursday,
1013,2022-06-10,617.0,28533.4266,R000,Montebello,Friday,
1014,2022-06-11,715.0,37874.8671,R000,Montebello,Saturday,
1015,2022-06-12,687.0,37194.0366,R000,Montebello,Sunday,
1016,2022-06-13,515.0,24370.0562,R000,Montebello,Monday,
1017,2022-06-14,506.0,23582.3413,R000,Montebello,Tuesday,
1018,2022-06-15,631.0,26244.7045,R000,Montebello,Wednesday,
1019,2022-06-16,579.0,24343.046,R000,Montebello,Thursday,
1020,2022-06-17,658.0,29420.055,R000,Montebello,Friday,
1021,2022-06-18,776.0,36788.7184,R000,Montebello,Saturday,
1022,2022-06-19,703.0,35666.267,R000,Montebello,Sunday,
1023,2022-06-20,563.0,23747.8304,R000,Montebello,Monday,
1024,2022-06-21,515.0,24894.9792,R000,Montebello,Tuesday,
1025,2022-06-22,737.0,33895.9425,R000,Montebello,Wednesday,
1026,2022-06-23,510.0,24232.1968,R000,Montebello,Thursday,
1027,2022-06-24,617.0,29986.278,R000,Montebello,Friday,
1028,2022-06-25,680.0,35265.615699999995,R000,Montebello,Saturday,
1029,2022-06-26,721.0,32671.604,R000,Montebello,Sunday,
1030,2022-06-27,579.0,23999.3474,R000,Montebello,Monday,
1031,2022-06-28,548.0,24675.3871,R000,Montebello,Tuesday,
1032,2022-06-29,609.0,25696.5709,R000,Montebello,Wednesday,
1033,2022-06-30,508.0,22813.8309,R000,Montebello,Thursday,
1034,2022-07-01,601.0,27358.772,R000,Montebello,Friday,
1035,2022-07-02,731.0,36071.5852,R000,Montebello,Saturday,
1036,2022-07-03,684.0,34964.6626,R000,Montebello,Sunday,
1037,2022-07-04,458.0,21338.5949,R000,Montebello,Monday,
1038,2022-07-05,551.0,26428.0765,R000,Montebello,Tuesday,
1039,2022-07-06,736.0,35249.4261,R000,Montebello,Wednesday,
1040,2022-07-07,559.0,27964.1061,R000,Montebello,Thursday,
1041,2022-07-08,575.0,28685.2041,R000,Montebello,Friday,
1042,2022-07-09,780.0,44130.9911,R000,Montebello,Saturday,
1043,2022-07-10,720.0,42630.5621,R000,Montebello,Sunday,
1044,2022-07-11,551.0,26901.581,R000,Montebello,Monday,
1045,2022-07-12,559.0,26951.554,R000,Montebello,Tuesday,
1046,2022-07-13,545.0,28505.0535,R000,Montebello,Wednesday,
1047,2022-07-14,595.0,31323.6133,R000,Montebello,Thursday,
1048,2022-07-15,619.0,32070.0695,R000,Montebello,Friday,
1049,2022-07-16,791.0,41762.3948,R000,Montebello,Saturday,
1050,2022-07-17,768.0,43150.24,R000,Montebello,Sunday,
1051,2022-07-18,625.0,27320.6934,R000,Montebello,Monday,
1052,2022-07-19,530.0,26329.5347,R000,Montebello,Tuesday,
1053,2022-07-20,616.0,31197.5657,R000,Montebello,Wednesday,
1054,2022-07-21,602.0,28647.2494,R000,Montebello,Thursday,
1055,2022-07-22,579.0,28971.95,R000,Montebello,Friday,
1056,2022-07-23,805.0,43330.3493,R000,Montebello,Saturday,
1057,2022-07-24,760.0,39239.3778,R000,Montebello,Sunday,
1058,2022-07-25,474.0,22779.841,R000,Montebello,Monday,
1059,2022-07-26,477.0,22302.2065,R000,Montebello,Tuesday,
1060,2022-07-27,529.0,23831.2151,R000,Montebello,Wednesday,
1061,2022-07-28,516.0,25977.4935,R000,Montebello,Thursday,
1062,2022-07-29,634.0,31572.4045,R000,Montebello,Friday,
1063,2022-07-30,716.0,37935.4955,R000,Montebello,Saturday,
1064,2022-07-31,680.0,37972.5003,R000,Montebello,Sunday,
1065,2022-08-01,572.0,28443.8882,R000,Montebello,Monday,
1066,2022-08-02,513.0,25128.6133,R000,Montebello,Tuesday,
1067,2022-08-03,556.0,26314.6667,R000,Montebello,Wednesday,
1068,2022-08-04,561.0,27691.8565,R000,Montebello,Thursday,
1069,2022-08-05,572.0,27352.9487,R000,Montebello,Friday,
1070,2022-08-06,712.0,36674.1109,R000,Montebello,Saturday,
1071,2022-08-07,709.0,35830.021499999995,R000,Montebello,Sunday,
1072,2022-08-08,584.0,29143.1385,R000,Montebello,Monday,
1073,2022-08-09,601.0,28216.2013,R000,Montebello,Tuesday,
1074,2022-08-10,639.0,25749.311,R000,Montebello,Wednesday,
1075,2022-08-11,563.0,29093.785,R000,Montebello,Thursday,
1076,2022-08-12,654.0,33565.666399999995,R000,Montebello,Friday,
1077,2022-08-13,651.0,33245.8805,R000,Montebello,Saturday,
1078,2022-08-14,622.0,32678.0055,R000,Montebello,Sunday,
1079,2022-08-15,231.0,12563.8317,R000,Montebello,Monday,Assunzione della Vergine
1080,2022-08-16,605.0,29141.9821,R000,Montebello,Tuesday,
1081,2022-08-17,579.0,30400.104,R000,Montebello,Wednesday,
1082,2022-08-18,762.0,39088.8393,R000,Montebello,Thursday,
1083,2022-08-19,735.0,35575.407,R000,Montebello,Friday,
1084,2022-08-20,643.0,33854.848999999995,R000,Montebello,Saturday,
1085,2022-08-21,663.0,35272.14109999999,R000,Montebello,Sunday,
1086,2022-08-22,502.0,25683.1897,R000,Montebello,Monday,
1087,2022-08-23,514.0,24801.8477,R000,Montebello,Tuesday,
1088,2022-08-24,562.0,29243.9931,R000,Montebello,Wednesday,
1089,2022-08-25,556.0,27516.0424,R000,Montebello,Thursday,
1090,2022-08-26,533.0,28166.3935,R000,Montebello,Friday,
1091,2022-08-27,611.0,34286.516599999995,R000,Montebello,Saturday,
1092,2022-08-28,653.0,34284.740699999995,R000,Montebello,Sunday,
1093,2022-08-29,517.0,24434.2364,R000,Montebello,Monday,
1094,2022-08-30,560.0,26899.3095,R000,Montebello,Tuesday,
1095,2022-08-31,597.0,30700.9745,R000,Montebello,Wednesday,
1096,2022-09-01,686.0,33015.2613,R000,Montebello,Thursday,
1097,2022-09-02,662.0,32639.1009,R000,Montebello,Friday,
1098,2022-09-03,827.0,44243.7401,R000,Montebello,Saturday,
1099,2022-09-04,839.0,46880.5799,R000,Montebello,Sunday,
1100,2022-09-05,575.0,27209.2247,R000,Montebello,Monday,
1101,2022-09-06,539.0,25479.0025,R000,Montebello,Tuesday,
1102,2022-09-07,567.0,27945.645,R000,Montebello,Wednesday,
1103,2022-09-08,590.0,29770.1964,R000,Montebello,Thursday,
1104,2022-09-09,679.0,34660.3229,R000,Montebello,Friday,
1105,2022-09-10,755.0,40441.1665,R000,Montebello,Saturday,
1106,2022-09-11,785.0,41347.32979999999,R000,Montebello,Sunday,
1107,2022-09-12,580.0,31838.996,R000,Montebello,Monday,
1108,2022-09-13,547.0,26576.4674,R000,Montebello,Tuesday,
1109,2022-09-14,474.0,22698.3974,R000,Montebello,Wednesday,
1110,2022-09-15,527.0,25922.4819,R000,Montebello,Thursday,
1111,2022-09-16,658.0,32754.7409,R000,Montebello,Friday,
1112,2022-09-17,852.0,43776.8023,R000,Montebello,Saturday,
1113,2022-09-18,833.0,41741.497,R000,Montebello,Sunday,
1114,2022-09-19,528.0,23434.0743,R000,Montebello,Monday,
1115,2022-09-20,509.0,23144.3548,R000,Montebello,Tuesday,
1116,2022-09-21,573.0,26390.7,R000,Montebello,Wednesday,
1117,2022-09-22,625.0,26589.7247,R000,Montebello,Thursday,
1118,2022-09-23,721.0,36259.5828,R000,Montebello,Friday,
1119,2022-09-24,921.0,47963.0529,R000,Montebello,Saturday,
1120,2022-09-25,862.0,44176.2972,R000,Montebello,Sunday,
1121,2022-09-26,533.0,22686.3791,R000,Montebello,Monday,
1122,2022-09-27,458.0,20351.814,R000,Montebello,Tuesday,
1123,2022-09-28,490.0,21855.6709,R000,Montebello,Wednesday,
1124,2022-09-29,585.0,27054.5975,R000,Montebello,Thursday,
1125,2022-09-30,650.0,30264.8878,R000,Montebello,Friday,
1126,2022-10-01,935.0,46949.7987,R000,Montebello,Saturday,
1127,2022-10-02,910.0,46539.5658,R000,Montebello,Sunday,
1128,2022-10-03,410.0,18295.2392,R000,Montebello,Monday,
1129,2022-10-04,438.0,19908.252,R000,Montebello,Tuesday,
1130,2022-10-05,490.0,23139.5227,R000,Montebello,Wednesday,
1131,2022-10-06,437.0,20681.5532,R000,Montebello,Thursday,
1132,2022-10-07,641.0,27745.2987,R000,Montebello,Friday,
1133,2022-10-08,912.0,46574.5882,R000,Montebello,Saturday,
1134,2022-10-09,954.0,48089.6374,R000,Montebello,Sunday,
1135,2022-10-10,445.0,21536.4219,R000,Montebello,Monday,
1136,2022-10-11,444.0,20513.1318,R000,Montebello,Tuesday,
1137,2022-10-12,483.0,23161.7008,R000,Montebello,Wednesday,
1138,2022-10-13,475.0,22287.132,R000,Montebello,Thursday,
1139,2022-10-14,684.0,32817.9712,R000,Montebello,Friday,
1140,2022-10-15,915.0,47380.599,R000,Montebello,Saturday,
1141,2022-10-16,821.0,43096.2196,R000,Montebello,Sunday,
1142,2022-10-17,456.0,21645.5365,R000,Montebello,Monday,
1143,2022-10-18,461.0,21417.2714,R000,Montebello,Tuesday,
1144,2022-10-19,460.0,21903.2072,R000,Montebello,Wednesday,
1145,2022-10-20,527.0,23653.9555,R000,Montebello,Thursday,
1146,2022-10-21,688.0,31507.6048,R000,Montebello,Friday,
1147,2022-10-22,971.0,48808.5052,R000,Montebello,Saturday,
1148,2022-10-23,903.0,47254.5101,R000,Montebello,Sunday,
1149,2022-10-24,469.0,21611.877,R000,Montebello,Monday,
1150,2022-10-25,432.0,20302.0475,R000,Montebello,Tuesday,
1151,2022-10-26,423.0,19375.1103,R000,Montebello,Wednesday,
1152,2022-10-27,514.0,24429.6934,R000,Montebello,Thursday,
1153,2022-10-28,677.0,33783.3587,R000,Montebello,Friday,
1154,2022-10-29,1002.0,51269.407,R000,Montebello,Saturday,
1155,2022-10-30,987.0,50458.0272,R000,Montebello,Sunday,
1156,2022-10-31,960.0,45961.7375,R000,Montebello,Monday,
1157,2022-11-01,756.0,39566.3086,R000,Montebello,Tuesday,Tutti i Santi
1158,2022-11-02,407.0,19569.4268,R000,Montebello,Wednesday,
1159,2022-11-03,445.0,20596.1035,R000,Montebello,Thursday,
1160,2022-11-04,635.0,32168.6113,R000,Montebello,Friday,
1161,2022-11-05,888.0,44188.6046,R000,Montebello,Saturday,
1162,2022-11-06,639.0,34512.1385,R000,Montebello,Sunday,
1163,2022-11-07,472.0,20501.1961,R000,Montebello,Monday,
1164,2022-11-08,464.0,21775.838,R000,Montebello,Tuesday,
1165,2022-11-09,509.0,24476.445,R000,Montebello,Wednesday,
1166,2022-11-10,486.0,23286.1377,R000,Montebello,Thursday,
1167,2022-11-11,720.0,34487.565,R000,Montebello,Friday,
1168,2022-11-12,986.0,52907.1998,R000,Montebello,Saturday,
1169,2022-11-13,900.0,47478.9343,R000,Montebello,Sunday,
1170,2022-11-14,449.0,22352.6751,R000,Montebello,Monday,
1171,2022-11-15,531.0,25557.679,R000,Montebello,Tuesday,
1172,2022-11-16,464.0,24526.1289,R000,Montebello,Wednesday,
1173,2022-11-17,428.0,19633.607,R000,Montebello,Thursday,
1174,2022-11-18,722.0,35332.6043,R000,Montebello,Friday,
1175,2022-11-19,1116.0,56350.959,R000,Montebello,Saturday,
1176,2022-11-20,932.0,50035.1978,R000,Montebello,Sunday,
1177,2022-11-21,478.0,21565.7449,R000,Montebello,Monday,
1178,2022-11-22,499.0,23847.033,R000,Montebello,Tuesday,
1179,2022-11-23,478.0,21790.1278,R000,Montebello,Wednesday,
1180,2022-11-24,497.0,24802.1781,R000,Montebello,Thursday,
1181,2022-11-25,726.0,35565.081999999995,R000,Montebello,Friday,
1182,2022-11-26,1033.0,54766.5258,R000,Montebello,Saturday,
1183,2022-11-27,901.0,49027.8082,R000,Montebello,Sunday,
1184,2022-11-28,453.0,20792.898,R000,Montebello,Monday,
1185,2022-11-29,499.0,23187.1003,R000,Montebello,Tuesday,
1186,2022-11-30,452.0,21608.7795,R000,Montebello,Wednesday,
1187,2022-12-01,672.0,27797.3367,R000,Montebello,Thursday,
1188,2022-12-02,766.0,35114.9946,R000,Montebello,Friday,
1189,2022-12-03,1050.0,53264.8578,R000,Montebello,Saturday,
1190,2022-12-04,938.0,51000.9157,R000,Montebello,Sunday,
1191,2022-12-05,465.0,20519.2855,R000,Montebello,Monday,
1192,2022-12-06,585.0,25552.7643,R000,Montebello,Tuesday,
1193,2022-12-07,688.0,32269.3833,R000,Montebello,Wednesday,
1194,2022-12-08,905.0,46161.0513,R000,Montebello,Thursday,Immacolata Concezione
1195,2022-12-09,929.0,44711.9582,R000,Montebello,Friday,
1196,2022-12-10,897.0,45494.7997,R000,Montebello,Saturday,
1197,2022-12-11,891.0,47214.9034,R000,Montebello,Sunday,
1198,2022-12-12,507.0,24144.2278,R000,Montebello,Monday,
1199,2022-12-13,484.0,23880.6925,R000,Montebello,Tuesday,
1200,2022-12-14,744.0,31744.7081,R000,Montebello,Wednesday,
1201,2022-12-15,636.0,31504.3834,R000,Montebello,Thursday,
1202,2022-12-16,905.0,47208.0889,R000,Montebello,Friday,
1203,2022-12-17,1164.0,71617.9583,R000,Montebello,Saturday,
1204,2022-12-18,1029.0,54943.042,R000,Montebello,Sunday,
1205,2022-12-19,660.0,30356.7803,R000,Montebello,Monday,
1206,2022-12-20,671.0,35062.0893,R000,Montebello,Tuesday,
1207,2022-12-21,832.0,39160.66,R000,Montebello,Wednesday,
1208,2022-12-22,867.0,43181.9171,R000,Montebello,Thursday,
1209,2022-12-23,1073.0,54931.8084,R000,Montebello,Friday,
1210,2022-12-24,720.0,36639.7906,R000,Montebello,Saturday,
1211,2022-12-25,321.0,16413.033,R000,Montebello,Sunday,Natale
1212,2022-12-26,956.0,50205.0647,R000,Montebello,Monday,Santo Stefano
1213,2022-12-27,903.0,45019.2715,R000,Montebello,Tuesday,
1214,2022-12-28,869.0,43937.831,R000,Montebello,Wednesday,
1215,2022-12-29,794.0,40826.5368,R000,Montebello,Thursday,
1216,2022-12-30,894.0,46127.8048,R000,Montebello,Friday,
1217,2022-12-31,345.0,19519.206,R000,Montebello,Saturday,
1218,2023-01-01,656.0,36261.7717,R000,Montebello,Sunday,Capodanno
1219,2023-01-02,789.0,39431.175,R000,Montebello,Monday,
1220,2023-01-03,690.0,36932.525,R000,Montebello,Tuesday,
1221,2023-01-04,668.0,35767.3281,R000,Montebello,Wednesday,
1222,2023-01-05,820.0,45328.2781,R000,Montebello,Thursday,
1223,2023-01-06,929.0,51112.9213,R000,Montebello,Friday,Epifania del Signore
1224,2023-01-07,954.0,53964.8515,R000,Montebello,Saturday,
1225,2023-01-08,731.0,40226.613,R000,Montebello,Sunday,
1226,2023-01-09,438.0,21004.5192,R000,Montebello,Monday,
1227,2023-01-10,419.0,26581.5886,R000,Montebello,Tuesday,
1228,2023-01-11,520.0,26676.2069,R000,Montebello,Wednesday,
1229,2023-01-12,539.0,26523.686,R000,Montebello,Thursday,
1230,2023-01-13,705.0,36388.604,R000,Montebello,Friday,
1231,2023-01-14,1112.0,56422.1189,R000,Montebello,Saturday,
1232,2023-01-15,875.0,49479.2172,R000,Montebello,Sunday,
1233,2023-01-16,386.0,18995.7698,R000,Montebello,Monday,
1234,2023-01-17,401.0,19398.197,R000,Montebello,Tuesday,
1235,2023-01-18,496.0,25234.713,R000,Montebello,Wednesday,
1236,2023-01-19,372.0,17917.6746,R000,Montebello,Thursday,
1237,2023-01-20,720.0,37347.42479999999,R000,Montebello,Friday,
1238,2023-01-21,1089.0,58163.65729999999,R000,Montebello,Saturday,
1239,2023-01-22,924.0,53657.0426,R000,Montebello,Sunday,
1240,2023-01-23,438.0,20086.5028,R000,Montebello,Monday,
1241,2023-01-24,488.0,22886.395,R000,Montebello,Tuesday,
1242,2023-01-25,435.0,21807.4325,R000,Montebello,Wednesday,
1243,2023-01-26,473.0,22287.6276,R000,Montebello,Thursday,
1244,2023-01-27,704.0,35251.408500000005,R000,Montebello,Friday,
1245,2023-01-28,1165.0,55093.4979,R000,Montebello,Saturday,
1246,2023-01-29,898.0,49014.2618,R000,Montebello,Sunday,
1247,2023-01-30,414.0,19917.338,R000,Montebello,Monday,
1248,2023-01-31,401.0,20395.5094,R000,Montebello,Tuesday,
1249,2023-02-01,453.0,21791.8624,R000,Montebello,Wednesday,
1250,2023-02-02,493.0,23252.4369,R000,Montebello,Thursday,
1251,2023-02-03,669.0,33519.08,R000,Montebello,Friday,
1252,2023-02-04,1170.0,55688.2592,R000,Montebello,Saturday,
1253,2023-02-05,818.0,45797.1157,R000,Montebello,Sunday,
1254,2023-02-06,435.0,20388.1167,R000,Montebello,Monday,
1255,2023-02-07,450.0,20023.1486,R000,Montebello,Tuesday,
1256,2023-02-08,450.0,23459.4738,R000,Montebello,Wednesday,
1257,2023-02-09,503.0,25450.0099,R000,Montebello,Thursday,
1258,2023-02-10,686.0,36157.8196,R000,Montebello,Friday,
1259,2023-02-11,991.0,53046.6286,R000,Montebello,Saturday,
1260,2023-02-12,805.0,43958.5636,R000,Montebello,Sunday,
1261,2023-02-13,466.0,24193.0444,R000,Montebello,Monday,
1262,2023-02-14,595.0,30534.8246,R000,Montebello,Tuesday,
1263,2023-02-15,588.0,27588.4,R000,Montebello,Wednesday,
1264,2023-02-16,463.0,23327.479,R000,Montebello,Thursday,
1265,2023-02-17,689.0,34806.401000000005,R000,Montebello,Friday,
1266,2023-02-18,1011.0,51810.437,R000,Montebello,Saturday,
1267,2023-02-19,855.0,45591.5656,R000,Montebello,Sunday,
1268,2023-02-20,617.0,30570.26,R000,Montebello,Monday,
1269,2023-02-21,557.0,28381.773,R000,Montebello,Tuesday,
1270,2023-02-22,452.0,21663.502,R000,Montebello,Wednesday,
1271,2023-02-23,464.0,22130.4811,R000,Montebello,Thursday,
1272,2023-02-24,748.0,35589.2012,R000,Montebello,Friday,
1273,2023-02-25,999.0,50938.4701,R000,Montebello,Saturday,
1274,2023-02-26,744.0,39502.0045,R000,Montebello,Sunday,
1275,2023-02-27,426.0,19435.6148,R000,Montebello,Monday,
1276,2023-02-28,445.0,21178.227,R000,Montebello,Tuesday,
1277,2023-03-01,460.0,21984.0313,R000,Montebello,Wednesday,
1278,2023-03-02,532.0,25885.4358,R000,Montebello,Thursday,
1279,2023-03-03,805.0,37326.9813,R000,Montebello,Friday,
1280,2023-03-04,1072.0,56132.358100000005,R000,Montebello,Saturday,
1281,2023-03-05,925.0,49058.7006,R000,Montebello,Sunday,
1282,2023-03-06,434.0,20049.6632,R000,Montebello,Monday,
1283,2023-03-07,441.0,20358.5046,R000,Montebello,Tuesday,
1284,2023-03-08,624.0,32395.5135,R000,Montebello,Wednesday,
1285,2023-03-09,494.0,22876.2765,R000,Montebello,Thursday,
1286,2023-03-10,799.0,35095.088,R000,Montebello,Friday,
1287,2023-03-11,1112.0,57112.8614,R000,Montebello,Saturday,
1288,2023-03-12,850.0,46638.2728,R000,Montebello,Sunday,
1289,2023-03-13,388.0,18574.0142,R000,Montebello,Monday,
1290,2023-03-14,442.0,21185.248,R000,Montebello,Tuesday,
1291,2023-03-15,501.0,27021.1032,R000,Montebello,Wednesday,
1292,2023-03-16,463.0,22063.8642,R000,Montebello,Thursday,
1293,2023-03-17,786.0,39190.6025,R000,Montebello,Friday,
1294,2023-03-18,989.0,53341.9649,R000,Montebello,Saturday,
1295,2023-03-19,731.0,41817.81939999999,R000,Montebello,Sunday,
1296,2023-03-20,371.0,18478.033,R000,Montebello,Monday,
1297,2023-03-21,495.0,25924.423000000003,R000,Montebello,Tuesday,
1298,2023-03-22,493.0,27848.7139,R000,Montebello,Wednesday,
1299,2023-03-23,515.0,25538.3919,R000,Montebello,Thursday,
1300,2023-03-24,797.0,39775.6996,R000,Montebello,Friday,
1301,2023-03-25,1006.0,56821.48989999999,R000,Montebello,Saturday,
1302,2023-03-26,937.0,52308.8041,R000,Montebello,Sunday,
1303,2023-03-27,485.0,23579.4503,R000,Montebello,Monday,
1304,2023-03-28,486.0,23689.267,R000,Montebello,Tuesday,
1305,2023-03-29,544.0,25474.5008,R000,Montebello,Wednesday,
1306,2023-03-30,560.0,27853.5047,R000,Montebello,Thursday,
1307,2023-03-31,717.0,35038.9613,R000,Montebello,Friday,
1308,2023-04-01,1030.0,53218.5605,R000,Montebello,Saturday,
1309,2023-04-02,823.0,45805.4583,R000,Montebello,Sunday,
1310,2023-04-03,558.0,19752.138000000003,R000,Montebello,Monday,
1311,2023-04-04,465.0,23506.721,R000,Montebello,Tuesday,
1312,2023-04-05,679.0,35546.91,R000,Montebello,Wednesday,
1313,2023-04-06,834.0,43710.268,R000,Montebello,Thursday,
1314,2023-04-07,1051.0,48563.1832,R000,Montebello,Friday,
1315,2023-04-08,993.0,52590.3875,R000,Montebello,Saturday,
1316,2023-04-09,347.0,18194.5498,R000,Montebello,Sunday,Pasqua di Resurrezione
1317,2023-04-10,687.0,34655.2017,R000,Montebello,Monday,Lunedì dell'Angelo
1318,2023-04-11,638.0,33939.844399999994,R000,Montebello,Tuesday,
1319,2023-04-12,516.0,26875.8924,R000,Montebello,Wednesday,
1320,2023-04-13,538.0,28660.3002,R000,Montebello,Thursday,
1321,2023-04-14,949.0,45110.7097,R000,Montebello,Friday,
1322,2023-04-15,1083.0,55549.0782,R000,Montebello,Saturday,
1323,2023-04-16,826.0,48767.9486,R000,Montebello,Sunday,
1324,2023-04-17,451.0,23945.2444,R000,Montebello,Monday,
1325,2023-04-18,497.0,24286.052,R000,Montebello,Tuesday,
1326,2023-04-19,494.0,23738.414,R000,Montebello,Wednesday,
1327,2023-04-20,558.0,28628.9948,R000,Montebello,Thursday,
1328,2023-04-21,752.0,39234.5044,R000,Montebello,Friday,
1329,2023-04-22,984.0,56321.3882,R000,Montebello,Saturday,
1330,2023-04-23,954.0,53001.529,R000,Montebello,Sunday,
1331,2023-04-24,848.0,45195.6225,R000,Montebello,Monday,
1332,2023-04-25,734.0,41046.9136,R000,Montebello,Tuesday,Festa della Liberazione
1333,2023-04-26,396.0,19475.3454,R000,Montebello,Wednesday,
1334,2023-04-27,509.0,22431.8059,R000,Montebello,Thursday,
1335,2023-04-28,728.0,36796.7306,R000,Montebello,Friday,
1336,2023-04-29,1021.0,53106.100600000005,R000,Montebello,Saturday,
1337,2023-04-30,930.0,51591.7948,R000,Montebello,Sunday,
1338,2023-05-01,797.0,43892.814,R000,Montebello,Monday,Festa dei Lavoratori
1339,2023-05-02,509.0,24259.6613,R000,Montebello,Tuesday,
1340,2023-05-03,593.0,28680.5372,R000,Montebello,Wednesday,
1341,2023-05-04,0.0,0.0,R000,Montebello,Thursday,
1342,2023-05-05,0.0,0.0,R000,Montebello,Friday,
1343,2023-05-06,0.0,0.0,R000,Montebello,Saturday,
1344,2023-05-07,0.0,0.0,R000,Montebello,Sunday,
1345,2023-05-08,0.0,0.0,R000,Montebello,Monday,
1346,2023-05-09,0.0,0.0,R000,Montebello,Tuesday,
1347,2023-05-10,0.0,0.0,R000,Montebello,Wednesday,
1348,2023-05-11,0.0,0.0,R000,Montebello,Thursday,
1349,2023-05-12,0.0,0.0,R000,Montebello,Friday,
1350,2023-05-13,0.0,0.0,R000,Montebello,Saturday,
1351,2023-05-14,0.0,0.0,R000,Montebello,Sunday,
1352,2023-05-15,0.0,0.0,R000,Montebello,Monday,
1353,2023-05-16,0.0,0.0,R000,Montebello,Tuesday,
1354,2023-05-17,0.0,0.0,R000,Montebello,Wednesday,
1355,2023-05-18,0.0,0.0,R000,Montebello,Thursday,
1356,2023-05-19,0.0,0.0,R000,Montebello,Friday,
1357,2023-05-20,0.0,0.0,R000,Montebello,Saturday,
1358,2023-05-21,0.0,0.0,R000,Montebello,Sunday,
1359,2023-05-22,0.0,0.0,R000,Montebello,Monday,
1360,2023-05-23,0.0,0.0,R000,Montebello,Tuesday,
1361,2023-05-24,0.0,0.0,R000,Montebello,Wednesday,
1362,2023-05-25,0.0,0.0,R000,Montebello,Thursday,
1363,2023-05-26,0.0,0.0,R000,Montebello,Friday,
1364,2023-05-27,0.0,0.0,R000,Montebello,Saturday,
1365,2023-05-28,0.0,0.0,R000,Montebello,Sunday,
1366,2023-05-29,0.0,0.0,R000,Montebello,Monday,
1367,2023-05-30,0.0,0.0,R000,Montebello,Tuesday,
1368,2023-05-31,0.0,0.0,R000,Montebello,Wednesday,
